r3_threshold,min_languages,window_hours,events,recall_6h,recall_24h,precision_proxy,harmonic_mean,primary,winner
6,2,3,37260,0.07138636095024228,0.08805105779458693,0.023671497584541065,0.037312078923147134,False,False
6,2,6,40006,0.07363195839735256,0.09230587401016428,0.0234964755286707,0.03745800872727622,False,False
6,2,12,43185,0.07646850254107079,0.09466966079659615,0.023387750376288062,0.037509045352117604,False,False
6,3,3,11186,0.042075404798487176,0.05294882401607375,0.04326837117825854,0.04762162036323258,False,False
6,3,6,11772,0.04396643422763267,0.05566717882047039,0.0436629289840299,0.048939684639491964,False,False
6,3,12,12476,0.04597565299609975,0.057912776267580665,0.04328310355883296,0.0495404496086005,False,False
6,5,3,4016,0.023519678524997045,0.02966552416971989,0.06449203187250996,0.04063805414427325,False,False
6,5,6,4154,0.024228814560926605,0.030256470866327857,0.06427539720751084,0.04114478477272159,False,False
6,5,12,4292,0.02623803332939369,0.031320174920222196,0.06616961789375582,0.04251612290921909,False,False
8,2,3,34972,0.07067722491431273,0.08616002836544144,0.02419078119638568,0.0377754980201573,False,False
8,2,6,37386,0.07233187566481504,0.08982389788441082,0.023939442572085808,0.03780363755804174,False,False
8,2,12,40196,0.07457747311192531,0.09218768467084269,0.02378346104089959,0.03781185730922248,False,False
8,3,3,10603,0.04112989008391443,0.05188511996217941,0.04423276431198717,0.047754323764346344,False,False
8,3,6,11127,0.04325729819170311,0.05460347476657605,0.044755998921542195,0.04919174723965101,True,False
8,3,12,11731,0.04550289563881338,0.05661269353504314,0.04449748529537124,0.049829256109458646,False,False
8,5,3,3861,0.02269235314974589,0.02883819879446874,0.065009065009065,0.039953095363519084,False,False
8,5,6,3982,0.02328329984635386,0.029192766812433518,0.06479156202913108,0.040250220117404374,False,False
8,5,12,4104,0.02505613993617776,0.03002009218768467,0.06652046783625731,0.04137018837092131,False,False
12,2,3,30203,0.06736792341330812,0.08261434818579363,0.025825249147435687,0.03934976111161451,False,False
12,2,6,31986,0.06902257416381043,0.08556908166883347,0.02547989745513662,0.03926720341693746,False,False
12,2,12,34151,0.07138636095024228,0.08734192175865738,0.025123715264560333,0.03902264960222483,False,False
12,3,3,9397,0.040184375369341684,0.050821415908285074,0.047781206768117486,0.04925444203916502,False,False
12,3,6,9834,0.042075404798487176,0.05306701335539534,0.04809843400447427,0.05046071176079318,False,False
12,3,12,10294,0.04373005554898948,0.05413071740928968,0.047600544006217216,0.05065604338876786,False,True
12,5,3,3457,0.022101406453137927,0.028010873419217586,0.06913508822678623,0.03986854774681435,False,False
12,5,6,3565,0.02269235314974589,0.028483630776503958,0.06900420757363254,0.040322780847665295,False,False
12,5,12,3662,0.02399243588228342,0.028956388133790333,0.06990715456034953,0.04095055964241386,False,False
