qid,title,portal_date,event_time,source,start_hour,delay_hours
141182413,2026 Nepal–Tibet floods,2026-08-27,2026-08-26 06:01:28,article_created,2026-08-26 12:00:00,6.0
141182413,2026 Nepal–Tibet floods,2026-08-26,2026-08-26 06:01:28,article_created,2026-08-26 12:00:00,6.0
451097,August Hanning,2026-10-06,2026-10-06 13:40:59,article_created,2026-10-06 07:00:00,-6.0
140735282,2026 Kumamoto earthquake,2026-07-28,2026-07-28 07:27:00,infobox_timestamp,2026-07-28 07:00:00,0.0
137216058,Johannes Liebmann,2026-08-15,2026-08-14 04:56:34,article_created,2026-08-15 16:00:00,36.0
141222942,Sinking of the Filo Jet,2026-08-30,2026-08-30 14:44:32,article_created,2026-08-31 11:00:00,21.0
141334374,21 Air Flight 7598,2026-09-06,2026-09-06 20:15:53,article_created,2026-09-07 13:00:00,17.0
140984463,2026 Colombia earthquake,2026-08-10,2026-08-10 12:34:00,infobox_timestamp,2026-08-11 00:00:00,12.0
140984463,2026 Colombia earthquake,2026-08-11,2026-08-10 12:34:00,infobox_timestamp,2026-08-11 00:00:00,12.0
141490808,Tilcayo tiger cat,2026-09-17,2026-09-17 17:52:39,article_created,2026-09-18 01:00:00,8.0
140697660,2026 Berlin Pride attack,2026-07-26,2026-07-25 21:53:56,article_created,2026-07-27 09:00:00,36.0
141605182,Flydubai Flight 1073,2026-09-30,2026-09-30 11:42:40,article_created,2026-09-30 10:00:00,-1.0
