unit_id,lang,title,day,views_by_hour_d-3_to_d,label,is_automated,is_low_mobile,is_flat
u001,de,Acht_(Film),2026-08-05,0 0 6 0 6 10 11 8 15 27 35 28 40 37 36 48 44 44 84 85 57 44 18 0 0 0 0 0 0 11 13 0 19 26 26 26 40 37 58 60 41 96 141 204 112 61 19 7 7 7 0 0 10 32 23 30 38 24 36 49 41 51 87 79 54 108 234 209 123 62 37 23 14 6 11 25 66 145 206 232 219 230 266 287 326 362 465 605 897 1687 11060 10049 2479 828 290 104,event,False,False,False
u002,de,Antonín_Panenka,2026-10-07,0 0 0 0 0 0 0 0 0 0 5 0 0 0 8 0 7 0 11 11 9 0 0 0 0 0 0 0 0 0 0 0 0 0 0 0 0 0 0 0 0 8 13 11 0 5 0 0 0 0 0 0 0 0 0 0 0 0 0 0 0 0 0 0 0 0 10 11 11 15 0 0 0 0 0 0 0 0 0 0 0 0 0 0 0 5 0 5 0 11 39 100 13139 290 68 15,non_event,False,False,False
u003,de,Christina_Honsel,2026-08-15,0 0 0 0 0 0 0 6 5 0 0 0 6 0 0 5 7 0 9 6 7 0 0 0 0 0 0 0 0 0 5 5 6 76 470 792 77 45 43 32 16 19 20 26 26 14 0 6 5 0 0 0 7 0 0 9 11 6 11 15 13 7 0 8 0 0 17 29 24 8 0 0 0 0 0 0 0 5 5 6 0 8 10 10 7 5 8 10 11 13 25 8021 6090 588 130 50,event,False,False,False
u004,de,Claudia_Rieschel,2026-08-11,0 0 0 0 0 7 8 0 10 0 6 6 7 7 5 9 8 10 0 6 10 6 0 0 0 0 0 0 5 0 5 0 6 5 0 5 5 6 0 5 9 5 7 13 11 6 0 0 0 0 0 0 0 5 0 11 6 7 5 7 0 0 0 6 14 85 34 31 11 0 0 0 0 0 0 0 9 15 28 20 24 27 20 42 35 35 61 89 3036 6930 275 145 145 43 23 7,unsure,False,False,False
u005,de,Fame_–_Der_Weg_zum_Ruhm,2026-07-26,0 8 0 0 0 0 0 6 5 6 7 0 8 0 8 6 11 5 13 13 23 5 0 0 0 0 0 0 0 0 0 6 8 8 5 0 15 7 8 12 6 10 21 19 27 10 5 0 0 0 0 5 0 10 16 9 16 14 25 14 26 37 34 24 33 37 34 31 70 27 19 7 5 0 0 9 18 50 107 126 161 157 159 203 217 243 294 438 590 917 12269 13198 7040 817 229 93,event,False,False,False
u006,de,Footloose_(2011),2026-09-14,0 0 0 0 0 0 0 0 0 0 0 0 0 5 0 0 0 0 6 5 8 5 0 0 0 0 0 0 0 0 0 0 0 0 0 0 0 0 0 0 0 0 5 14 7 0 0 0 0 0 0 0 0 0 0 0 0 0 0 0 0 0 0 5 0 0 5 12 6 0 0 0 0 0 0 0 0 0 0 0 0 0 0 0 0 0 0 0 0 6 12 8326 104 33 14 0,non_event,False,False,False
u007,de,Franziska_Knuppe,2026-09-05,0 0 0 0 0 0 0 0 0 0 0 0 0 0 0 0 0 0 0 0 0 0 0 0 0 0 0 0 0 0 0 0 0 0 0 0 0 0 0 0 0 0 0 0 0 0 0 0 0 0 0 0 0 0 0 0 0 0 5 0 0 0 0 0 0 0 0 0 0 0 0 0 0 0 0 0 0 0 0 0 0 0 0 0 0 5 0 0 6 5 1299 11197 8404 1400 173 57,event,False,False,False
u008,de,Fritz_Güntzler,2026-07-24,0 0 0 0 0 0 0 0 0 0 0 0 0 0 0 0 0 0 0 0 0 0 0 0 0 0 0 0 0 0 0 0 0 0 0 0 0 0 0 0 0 0 0 0 0 0 0 0 0 0 0 0 0 0 0 0 0 0 0 0 0 0 0 0 0 0 0 0 9 136 130 41 18 9 10 28 48 265 9204 5872 3053 2334 2391 2362 1410 1362 1146 1121 1024 1133 2380 1402 982 651 392 158,event,False,False,False
u009,de,Jelena_Rybakina,2026-09-12,12 6 7 0 25 39 25 44 36 30 35 36 29 30 32 295 918 1371 827 561 567 356 168 90 53 48 74 100 206 261 283 234 196 165 166 137 135 121 118 102 93 119 118 123 93 78 44 38 79 175 219 321 385 533 593 536 410 401 339 294 249 230 242 248 177 181 183 179 223 190 207 65 31 22 32 41 85 124 191 191 163 135 146 129 127 139 148 154 171 198 232 621 6329 5933 7015 1705,event,False,False,False
u010,de,Kohlröschen_(Kreuzung),2026-09-14,0 0 0 0 0 0 0 0 0 0 0 0 0 0 0 0 0 0 7 0 0 0 0 0 0 0 0 0 0 0 0 0 0 0 0 0 0 0 0 0 0 0 10 10 9 0 0 0 0 0 0 0 0 0 0 0 0 0 0 0 0 0 0 0 0 6 5 11 5 0 0 0 0 0 0 0 0 0 0 0 0 0 0 0 0 0 0 7 0 7 23 121 26058 475 102 33,non_event,False,False,False
u011,de,Largo_Winch:_Der_Preis_des_Geldes,2026-08-03,0 0 0 0 0 0 0 0 9 8 6 0 7 0 5 11 35 10 9 38 33 10 0 5 0 0 0 0 0 0 0 0 10 0 7 7 6 12 7 7 29 8 12 79 33 41 13 0 0 0 0 0 0 0 0 0 20 13 15 13 17 7 15 16 12 17 22 27 67 52 25 5 11 0 0 0 21 45 64 100 76 101 84 92 96 124 137 139 262 314 334 697 6619 4744 711 147,event,False,False,False
u012,de,Malick_Thiaw,2026-10-04,0 0 0 0 0 0 14 29 17 12 19 20 22 26 31 44 33 175 3757 4825 2077 252 56 31 17 18 20 40 80 170 142 148 96 86 84 96 105 71 71 72 63 48 55 52 33 26 10 9 8 0 0 0 10 11 15 21 18 25 20 18 16 21 24 23 15 12 17 16 9 11 6 6 0 0 0 0 0 12 8 8 19 15 12 24 8 23 18 18 38 168 1599 4378 6286 269 80 26,event,False,False,False
u013,de,Philipp_Treu,2026-09-24,0 0 0 0 0 0 0 5 6 5 7 8 9 7 5 9 12 10 16 10 11 9 0 0 0 0 0 0 0 6 10 10 17 20 32 108 79 66 63 50 52 131 69 74 150 36 25 14 8 6 6 25 42 84 58 69 67 76 68 59 155 104 105 78 109 111 108 97 145 47 18 13 7 6 8 17 41 58 93 91 57 82 64 65 100 144 197 183 167 891 6448 6331 10694 1794 257 106,event,False,False,False
u014,de,Santiago_Bernabéu,2026-09-21,0 0 0 0 0 0 0 0 0 0 0 0 0 7 5 0 6 0 12 0 9 0 0 0 0 0 0 0 0 0 0 0 0 0 0 0 0 6 0 0 0 7 5 6 10 6 7 0 0 0 0 0 0 0 0 0 0 0 0 0 5 0 0 0 0 0 5 6 5 0 0 0 0 0 0 0 0 0 0 0 0 0 0 0 0 0 5 0 6 0 8 22 59 12571 96 32,non_event,False,False,False
u015,de,Seufzerbrücke,2026-08-31,0 0 0 0 0 0 0 0 0 5 0 0 0 6 6 0 0 0 8 10 12 7 0 0 0 0 0 0 0 0 0 6 5 0 0 7 5 0 0 0 0 0 8 8 7 0 0 0 0 0 0 0 0 0 0 0 0 0 6 0 0 0 5 6 0 11 9 17 9 5 0 0 0 0 0 0 0 0 0 0 0 0 0 5 6 12 7 5 14 24 29118 1460 321 140 56 26,unsure,False,False,False
u016,de,Tatjana_Pinto,2026-08-10,0 0 0 0 0 0 6 0 0 0 0 6 0 0 0 0 5 0 0 0 5 7 0 0 0 0 0 0 0 0 0 0 0 7 5 0 5 0 6 0 0 0 0 0 0 0 0 0 0 0 0 0 0 0 0 5 0 0 0 0 0 0 0 0 0 0 6 0 0 0 0 0 0 0 0 0 0 5 33 73 89 67 100 114 78 60 47 46 37 50 45 6843 856 305 118 39,unsure,False,False,False
u017,de,Tatort:_Die_Abrechnung_(1975),2026-09-27,0 0 0 0 0 0 0 0 0 0 0 8 0 0 0 0 0 0 0 6 0 0 0 0 0 0 0 0 0 7 0 0 0 5 5 0 0 8 8 6 5 0 5 0 9 0 0 0 0 0 0 0 0 5 5 7 8 6 15 8 0 9 13 16 19 22 17 12 17 21 9 5 0 6 0 0 12 10 28 57 51 77 53 80 89 87 98 150 173 239 375 2477 6808 1551 187 63,event,False,False,False
u018,en,2026_Commonwealth_Games_medal_table,2026-07-31,1671 2448 2662 2316 1815 1772 1867 1679 1676 1574 1658 1648 1642 1668 1803 2045 1808 1723 1537 1829 2360 1690 1058 1041 1208 1501 1582 1691 1485 1260 1315 1169 1224 1208 1248 1527 1440 1687 1710 1748 1604 1615 1384 1453 2948 1328 1131 1026 1365 1796 1816 1747 1555 1250 1178 1115 1200 1101 1290 1408 1583 1381 1388 1547 1610 1594 1261 1833 1299 1248 1107 1017 1486 2114 2711 2710 2830 2815 2150 1986 2169 2157 2574 3114 3133 3443 3501 9049 13307 10195 6879 5671 6830 4669 3126 3553,event,False,False,False
u019,en,2026_Commonwealth_Games_medal_table,2026-08-01,1208 1501 1582 1691 1485 1260 1315 1169 1224 1208 1248 1527 1440 1687 1710 1748 1604 1615 1384 1453 2948 1328 1131 1026 1365 1796 1816 1747 1555 1250 1178 1115 1200 1101 1290 1408 1583 1381 1388 1547 1610 1594 1261 1833 1299 1248 1107 1017 1486 2114 2711 2710 2830 2815 2150 1986 2169 2157 2574 3114 3133 3443 3501 9049 13307 10195 6879 5671 6830 4669 3126 3553 4574 5971 6527 6074 5217 4945 3853 4036 3809 3471 13442 19387 16167 12616 10672 11437 32581 35893 25901 14159 8016 5298 4302 4645,event,False,False,False
u020,en,Amir_Jangoo,2026-09-30,8 11 29 29 24 36 49 86 721 715 1205 4381 7435 1047 732 497 622 376 218 147 68 76 53 50 88 105 130 150 134 105 105 106 50 57 50 47 51 53 48 50 51 38 36 18 9 9 8 7 7 11 17 24 12 22 27 20 26 22 16 12 18 12 22 24 21 22 14 10 7 7 0 6 5 13 13 14 19 24 78 95 490 985 5441 17730 7767 3416 2255 1842 1974 1486 882 550 373 251 218 186,event,False,False,False
u021,en,Andre_Szmyt,2026-10-02,7 6 10 10 0 0 0 0 0 0 0 7 0 6 7 0 0 0 0 5 0 0 6 14 7 0 6 0 0 5 0 0 0 0 0 0 0 7 0 8 6 0 5 0 0 0 0 0 6 11 5 0 0 0 0 0 0 0 0 0 0 6 6 6 6 0 9 8 11 14 13 19 30 207 55 7397 1062 330 199 164 144 181 298 498 649 575 551 484 476 420 335 276 314 254 221 213,event,False,False,False
u022,en,Andy_Williams_(guitarist),2026-09-06,0 9 5 7 0 11 0 0 0 0 0 0 6 5 0 0 5 6 0 6 5 7 0 0 0 0 17 8 9 0 5 0 0 0 0 0 5 0 0 0 0 0 8 0 0 12 6 0 0 0 6 0 0 0 0 0 0 6 0 0 0 0 0 0 0 0 9 0 0 7 8 11 10 487 2197 4444 14214 8044 3526 2741 2398 2047 2113 2753 11594 26757 21915 19942 18167 16019 14110 12589 11617 10047 8511 7380,event,False,False,False
u023,en,Christy_Knowings,2026-08-13,0 6 0 0 0 0 0 0 0 0 0 0 0 0 0 5 0 0 0 0 0 0 0 0 0 0 0 0 0 0 0 0 0 0 0 0 0 0 0 0 0 0 0 0 5 0 0 0 0 0 0 0 0 0 0 0 0 0 0 0 0 0 0 5 0 0 0 0 6 0 0 0 6 5 6 5 0 0 0 0 0 0 0 0 0 5 6 0 0 64 3338 8917 9469 8892 7964 7738,event,False,False,False
u024,en,Danijel_Lončar,2026-08-08,0 0 0 0 0 0 0 0 0 0 0 0 0 0 0 0 0 0 0 0 0 0 0 0 0 0 0 0 0 0 0 0 0 0 0 0 0 0 0 0 0 0 0 0 0 0 0 0 0 0 0 0 0 0 0 0 0 0 0 7 0 0 0 0 0 0 0 0 0 0 0 0 0 0 7 39 156 331 510 485 379 292 6823 2687 1288 796 633 412 304 225 130 78 50 42 89 108,event,False,False,False
u025,en,Doorman_fallacy,2026-09-25,7 12 0 0 8 0 0 0 7 0 0 0 7 0 8 5 10 0 8 7 0 0 7 0 0 5 0 0 0 0 0 0 0 0 0 6 7 10 0 6 6 5 9 0 0 0 0 0 0 0 26 0 0 0 0 0 0 7 0 0 0 0 7 0 0 6 0 0 0 7 0 0 0 0 0 0 0 0 0 6 6 0 0 0 5 5 13 5 8 289 10455 22114 14914 10524 7499 5757,event,False,False,False
u026,en,Edward_Stourton_(journalist),2026-07-20,0 0 0 0 0 0 0 5 0 0 5 5 0 0 0 0 5 0 0 0 5 0 0 5 0 0 0 0 0 0 0 0 0 0 0 0 8 5 0 7 13 0 7 0 5 6 0 0 0 0 0 0 0 0 8 6 7 6 5 6 8 9 0 8 0 0 5 8 11 0 0 0 0 0 0 0 0 0 8 11990 7875 9112 4723 2913 4904 2551 2038 1520 2057 2451 1307 1071 1148 1512 616 362,event,False,False,False
u027,en,Finlay_Tarling,2026-08-14,0 0 0 0 0 0 0 0 0 0 0 0 0 0 0 0 0 0 0 0 0 0 0 0 0 0 0 0 0 0 0 0 0 0 0 0 0 0 0 0 0 0 0 0 0 0 0 0 0 0 0 0 0 0 0 0 0 0 0 0 0 0 0 0 0 0 0 0 0 0 0 0 0 0 0 0 0 0 0 0 0 0 0 0 0 0 0 45 13403 14777 11861 10139 8707 7712 5146 3319,event,False,False,False
u028,en,"Hello,_I'm_Dolly",2026-08-25,7 0 6 5 0 0 0 0 0 0 0 0 0 6 0 8 9 0 5 7 10 6 11 8 0 5 8 6 7 13 0 0 0 0 0 7 0 0 8 6 10 10 12 0 5 8 0 0 6 6 6 6 5 0 0 0 0 0 0 0 0 8 5 7 6 6 8 6 0 10 10 0 7 9 5 0 0 5 8 0 0 0 5 12 5 9 6 5 6 30 7080 5677 4193 3631 3361 2664,event,False,False,False
u029,en,Imanol_Alguacil,2026-09-09,0 0 0 0 0 0 0 0 0 0 0 0 8 0 0 6 7 5 5 0 0 0 0 5 0 0 0 0 0 0 0 0 0 0 0 0 0 0 0 6 0 5 0 0 9 9 0 0 0 0 0 0 0 0 0 0 0 0 0 0 7 0 0 0 0 0 5 0 5 15 152 192 73 29 29 62 125 204 315 261 264 198 293 313 281 217 161 126 90 91 97 11012 8264 2750 1220 631,event,False,False,False
u030,en,Jeremiah_Azu,2026-08-11,0 0 0 0 0 0 0 0 0 0 0 0 0 0 0 0 0 0 0 6 0 0 0 0 0 0 0 0 0 0 0 0 0 6 0 0 0 0 0 0 0 7 5 0 0 7 0 5 0 0 0 0 0 0 0 0 0 0 5 0 7 6 0 0 0 5 7 12 17 13 12 6 0 0 0 0 0 0 0 10 10 5 20 14 13 12 16 18 15 18 36 1269 13213 3127 775 303,unsure,False,False,False
u031,en,Kairi_(Kingdom_Hearts),2026-08-17,0 5 10 0 7 0 5 0 0 0 6 0 0 0 6 0 0 0 0 0 6 0 5 0 0 0 7 21 14 11 13 16 0 7 11 8 9 16 14 17 15 12 11 16 11 11 10 21 74 41 35 29 19 17 21 18 15 16 19 12 15 16 15 14 18 17 12 27 16 22 25 19 21 22 28 7850 6867 3784 2694 2133 1727 1784 2057 2348 2593 2537 2397 2843 2803 2485 2239 2114 2033 1768 1648 1239,event,False,False,False
u032,en,Kamil_Pooran,2026-10-06,0 0 0 0 0 0 0 0 0 31 9 9 8 7 16 30 58 65 26 18 8 6 5 14 13 13 16 15 23 18 12 18 18 19 25 10 15 27 35 47 45 52 35 25 21 16 10 16 23 34 42 52 43 47 58 51 53 58 61 53 56 77 92 105 99 74 53 39 24 24 18 25 29 51 70 72 86 107 97 83 81 105 106 109 227 10181 3857 1959 1226 686 369 220 141 114 98 108,event,False,False,False
u033,en,Lloyd_Robertson,2026-08-05,0 0 0 7 0 0 0 0 0 0 0 0 0 0 0 0 0 5 0 0 0 0 0 0 0 7 0 0 0 0 0 5 0 0 0 0 0 0 5 0 5 5 0 0 0 0 7 0 5 0 0 8 8 0 0 0 0 0 0 0 0 0 0 0 8 5 0 0 5 10 0 10 5 1688 11300 7955 4158 2280 1320 891 789 1333 2494 3435 4190 3998 3423 2887 2608 2234 1914 1705 2068 2999 3348 2391,event,False,False,False
u034,en,Nuer_White_Army,2026-09-26,0 7 0 7 0 6 0 5 0 0 0 6 7 0 9 0 0 0 0 9 5 8 12 0 0 0 0 13 0 14 0 0 0 5 0 5 5 0 5 5 38 0 0 0 0 0 6 8 0 5 5 5 0 0 6 6 0 0 0 9 6 6 0 5 0 6 0 5 5 7 0 0 9961 0 0 0 0 0 0 0 0 0 6 5 0 0 0 0 0 0 0 0 0 0 0 0,non_event,True,True,False
u035,en,Rachel_Jupp,2026-10-05,0 0 0 0 0 0 0 0 0 8 0 0 0 0 10 0 5 27 0 0 0 0 5 0 0 0 0 0 0 0 0 0 0 0 0 0 0 0 0 0 0 0 0 0 0 0 0 0 0 0 0 0 0 0 0 0 0 0 0 0 0 0 8 0 0 0 0 0 0 0 0 0 0 0 0 0 0 0 0 0 0 0 7 6 32 8162 8658 8238 5974 4180 3744 3201 3441 2463 967 361,event,False,False,False
u036,en,Romell_Glave,2026-08-11,0 0 0 0 0 0 0 0 0 0 0 0 6 0 0 0 0 0 0 6 0 0 0 0 0 0 0 0 0 0 0 0 0 6 0 0 9 0 5 0 0 0 0 0 0 0 0 0 0 0 0 0 0 0 0 0 0 0 11 10 7 0 8 6 0 7 14 20 24 31 18 11 0 0 0 0 0 7 10 8 36 20 37 29 32 21 24 29 33 30 78 3778 36997 8453 2289 802,unsure,False,False,False
u037,en,Studio_Biederer,2026-09-21,0 0 0 0 0 0 0 0 0 0 0 0 0 0 5 0 0 0 0 5 5 0 0 0 0 0 0 0 0 0 0 0 0 7 0 0 0 0 0 7 0 0 0 0 7 0 0 5 0 0 0 0 0 0 0 5 0 0 0 0 0 7 0 6 0 5 0 0 0 0 0 0 0 0 0 0 0 0 0 0 0 0 0 0 0 0 6 0 5 8 10 1154 28844 29733 10375 4452,event,False,False,False
u038,en,Thea_Frodin,2026-09-01,42 30 35 35 23 34 26 26 17 26 25 14 26 23 36 24 47 44 52 64 76 85 51 66 84 78 68 73 38 55 61 56 57 54 58 85 102 125 186 187 156 172 153 171 182 130 129 109 122 151 167 120 156 106 86 82 76 85 154 250 324 313 305 214 205 186 184 170 177 214 159 144 190 199 173 218 241 204 194 166 152 190 176 275 349 392 592 717 510 540 1673 13010 12428 1833 1445 1133,event,False,False,False
u039,en,Tiff_Stevenson,2026-08-03,0 0 0 0 0 5 0 0 0 0 0 0 0 9 0 8 8 11 12 0 6 0 6 5 0 0 0 0 0 0 0 5 0 0 6 0 0 0 0 6 0 0 5 0 0 0 0 0 0 0 0 0 0 0 0 0 0 0 0 0 0 0 7 0 0 5 7 7 7 0 0 0 0 0 0 0 0 0 0 9 11 11 9 11 18 23 15 28 52 7198 1115 365 215 148 76 28,unsure,False,False,False
u040,en,Tim_Curry,2026-08-26,283 298 259 250 197 144 141 115 129 122 101 132 154 172 173 213 290 243 252 257 234 276 279 300 290 272 249 218 213 135 119 105 76 76 89 116 132 149 138 180 137 166 175 207 207 214 218 217 211 238 301 180 175 107 124 118 89 82 99 128 165 149 158 183 145 157 215 232 333 285 210 221 208 273 239 182 145 139 117 100 75 107 149 128 131 139 178 376992 774692 456543 347437 281181 247994 225280 201623 167916,event,False,False,False
u041,en,USS_Theodore_Roosevelt_(CVN-71),2026-10-01,65 53 39 49 31 36 45 53 39 56 45 41 42 36 44 53 65 52 58 67 68 50 53 55 57 52 36 45 45 33 20 23 29 32 16 21 29 22 35 41 34 36 42 47 39 41 23 43 25 38 24 19 16 12 12 17 18 17 16 18 26 35 29 27 26 25 30 28 28 43 37 27 20 20 32 20 29 24 7 10 13 6 13 13 23 19 35 187 8346 159733 260809 64171 562 432 358 318,event,True,True,False
u042,es,Benjamin_Compaoré,2026-10-05,0 0 0 0 0 8 0 0 10 0 0 6 0 0 0 0 0 0 0 0 6 10 5 0 0 0 0 0 0 0 6 5 5 0 0 10 0 0 5 5 0 0 0 0 7 0 0 0 0 0 0 0 0 0 0 0 5 0 6 0 0 0 0 0 0 0 0 12 0 5 0 0 0 0 0 0 0 0 0 0 8 0 0 0 0 0 6 0 0 0 6 14 10594 442 142 52,non_event,False,False,False
u043,es,Brandon_McNulty,2026-09-27,0 0 0 0 0 0 0 0 0 0 0 0 0 0 0 0 0 0 0 0 0 0 0 0 0 0 0 0 0 0 0 0 0 0 0 0 0 0 0 0 0 0 0 0 0 0 0 0 0 0 0 0 0 0 0 0 0 0 0 0 0 0 0 0 0 0 0 0 0 0 0 0 0 0 0 0 0 0 0 0 0 0 0 0 0 0 0 0 0 6 771 6197 1799 1058 574 354,event,False,False,False
u044,es,Fernando_Garrido_Velasco,2026-09-13,0 0 0 0 0 0 0 0 0 0 0 0 0 0 0 0 0 0 0 0 205 37 10 0 0 0 0 0 0 0 5 5 0 6 0 0 0 10 5 0 12 6 0 0 11 6 0 0 8 0 0 0 0 5 12 6 15 8 11 16 13 14 19 14 18 12 7 13 15 14 8 5 8 0 0 6 0 0 12 13 12 7 7 12 0 16 15 9 7 13 23 719 9022 818 240 84,unsure,False,False,False
u045,fa,حمید_بورد,2026-10-04,0 0 0 6 0 5 0 0 0 0 0 0 0 0 0 0 0 0 0 0 0 0 0 0 0 0 0 0 0 0 0 0 0 0 0 0 0 0 0 0 0 6 7 5 0 0 0 0 0 0 0 0 0 0 0 0 0 5 0 0 0 0 0 0 0 0 0 0 0 0 0 0 0 0 0 0 0 0 0 0 0 0 5 24 126 103 56 59 168 10140 7612 4070 2292 1218 533 307,event,False,False,False
u046,fi,Iris_Candelaria,2026-09-12,0 0 0 0 0 0 0 0 0 0 0 0 0 0 0 0 0 0 0 0 0 0 0 0 0 0 0 0 0 0 0 0 0 0 0 0 0 0 0 0 0 0 0 0 0 0 0 0 0 0 0 0 0 0 0 0 0 5 0 0 0 0 0 5 6 10 7 0 0 0 0 0 0 0 0 0 7 9 23 20 23 18 19 20 22 27 36 29 39 60 6211 1955 337 97 45 14,unsure,False,False,False
u047,fi,Silja_Kosonen,2026-08-12,0 0 0 0 0 0 10 0 12 10 9 10 0 20 6 10 11 49 16 26 12 0 0 0 0 0 0 5 15 25 12 7 10 17 10 17 70 12 12 7 10 84 137 197 182 66 18 5 5 6 0 19 30 45 39 25 13 18 21 17 14 15 15 16 11 18 35 29 24 17 5 0 0 0 5 17 10 25 32 33 26 42 36 38 31 18 34 61 45 105 1326 6858 9615 1487 261 119,event,False,False,False
u048,fr,Alice_Finot,2026-08-14,6 6 6 9 25 75 96 64 49 62 50 55 32 18 15 21 13 24 47 24 40 14 7 0 0 0 0 0 0 0 11 12 10 7 11 20 17 15 8 11 6 0 5 22 21 11 0 0 0 0 0 0 0 8 6 10 8 15 41 15 20 12 19 12 21 33 27 17453 1739 1151 227 78 45 44 40 62 142 266 355 311 235 189 182 205 149 114 128 96 88 92 9150 535 284 160 61 22,unsure,False,False,False
u049,fr,Baptiste_Thiery,2026-08-16,0 0 0 0 0 0 0 0 0 0 0 0 0 0 0 0 0 0 0 0 0 8 0 0 0 0 0 0 0 0 0 0 0 6 1283 339 97 39 31 11 196 29 19 8 15 22 6 0 0 0 0 0 0 0 6 10 7 6 0 9 5 0 7 0 5 8 9 7 5 0 0 0 0 0 0 0 0 0 0 7 0 0 0 9 9 9 7 5 113 91 1540 5418 6908 4848 299 96,event,False,False,False
u050,fr,Cette_femme-là,2026-09-30,7 0 7 6 0 21 31 37 30 41 48 63 80 75 104 72 57 86 116 209 191 96 26 12 6 0 0 0 6 17 13 29 24 23 39 45 58 47 43 58 37 43 82 154 141 61 16 7 8 8 0 5 0 21 14 12 23 20 30 28 45 33 54 34 60 53 131 220 189 81 25 13 15 9 8 13 46 89 157 174 155 150 178 269 241 249 347 493 618 921 1778 16501 11081 1638 480 109,event,False,False,False
u051,fr,Cookie_(informatique),2026-09-14,645 31 6 0 0 9 0 5 11 9 14 15 16 11 9841 21082 2852 2488 8 9300 5186 10 5 5 0 5 0 10 5 5 0 5 8 6 11 5 12 4327 11468 16215 10859 11539 10275 3811 233 200 116 29 15 112 152 11 2739 6 12 9 12 125 66 9421 12727 12042 12411 11829 3395 14 9 9 9 12 9 1218 8576 9221 9637 26551 4302 185 24 17 10 13 21 12 18945 46874 56759 50730 184028 126736 49576 47568 41286 53521 166050 353891,non_event,True,True,False
u052,fr,Dans_la_brume_électrique,2026-09-07,0 0 0 0 0 0 0 0 0 0 0 0 0 0 0 6 0 0 12 0 0 0 0 0 0 0 0 0 0 0 0 0 0 0 0 0 0 0 9 7 6 0 14 10 15 9 0 0 0 0 0 0 0 6 0 12 9 7 13 0 12 21 13 8 9 30 9 15 17 18 0 0 0 0 0 0 16 46 69 96 94 124 105 123 116 117 183 253 436 574 1115 6833 3236 1593 156 47,event,False,False,False
u053,fr,Emmanouíl_Karalís,2026-08-16,0 0 0 0 0 0 0 0 0 0 8 0 5 0 5 0 0 0 0 18 51 19 5 0 0 0 0 0 0 0 0 10 0 0 166 111 21 19 13 9 14 9 11 22 18 21 0 0 0 0 0 0 0 0 0 7 0 5 5 15 17 0 8 7 6 13 7 15 22 22 8 5 5 0 0 0 0 6 17 10 15 9 10 24 13 21 28 39 54 93 552 1538 7246 737 172 83,unsure,False,False,False
u054,fr,François_Patriat,2026-08-19,0 0 0 0 0 0 0 0 0 0 6 0 0 6 0 7 7 0 0 0 5 0 0 0 0 0 0 0 0 0 0 0 0 7 0 5 0 9 5 0 6 0 0 0 5 5 0 0 0 0 0 0 0 0 0 6 8 0 0 5 0 5 0 0 6 6 6 0 5 8 0 0 0 0 0 0 0 0 0 0 0 10 36 1810 11557 7450 6085 4864 3974 5914 5411 2716 2395 1558 802 377,event,False,False,False
u055,fr,Gas-oil_(film),2026-08-10,0 0 0 0 0 5 0 0 18 0 14 8 13 41 16 17 11 66 19 11 8 17 23 0 0 0 0 0 0 8 18 10 24 11 96 20 19 36 19 13 69 19 45 25 10 7 5 5 0 5 0 0 5 21 14 36 15 44 12 55 25 36 49 38 45 62 36 79 38 33 26 15 11 6 8 21 43 133 178 232 267 299 259 346 366 401 498 600 758 950 2092 22941 12530 1606 509 166,event,False,False,False
u056,fr,L'Homme_qui_tua_Liberty_Valance,2026-07-20,0 0 0 0 0 0 0 13 5 9 18 20 7 13 14 33 6 26 13 9 21 12 7 0 0 0 0 0 0 6 6 7 15 13 22 5 7 18 11 13 31 10 47 10 7 10 0 0 0 0 0 0 0 5 6 31 13 33 19 26 20 11 26 21 30 41 25 77 24 16 13 6 0 0 8 8 25 53 79 118 114 166 145 178 203 183 242 320 410 530 1141 10468 6585 2307 348 98,event,False,False,False
u057,fr,"La_Gifle_(film,_1974)",2026-08-04,0 0 0 0 0 0 0 0 0 0 0 5 7 17 11 9 38 20 20 7 0 0 5 0 0 0 0 0 0 0 12 0 16 8 5 5 9 9 6 16 10 15 17 13 50 13 0 0 0 0 0 0 0 8 0 6 7 8 10 13 13 9 10 37 14 32 31 58 14 17 8 8 7 5 10 10 25 36 102 85 114 126 140 191 162 165 213 303 403 508 931 18386 14057 2032 444 177,event,False,False,False
u058,fr,Manon_Fleury,2026-08-18,0 0 0 0 0 0 0 0 0 0 7 0 0 0 0 0 0 208 10 5 0 0 0 0 0 0 0 0 0 0 0 0 0 0 0 0 0 0 0 0 0 0 0 0 0 0 0 0 0 0 0 0 0 0 0 0 0 6 0 5 0 0 0 0 0 0 0 0 0 0 0 0 0 0 0 0 0 0 0 0 0 0 0 0 0 0 0 0 0 0 17852 1325 400 187 72 39,unsure,False,False,False
u059,fr,Monsieur_Hire,2026-10-02,0 0 0 0 0 0 0 6 0 0 0 8 5 0 25 5 0 0 6 0 0 7 38 0 5 0 0 0 0 0 0 0 9 13 0 20 13 7 28 8 7 6 7 217 159 9 28 0 0 0 0 0 0 8 0 8 21 6 23 44 8 12 69 105 17 14 31 200 55 36 63 6 6 7 8 12 53 89 142 163 157 231 191 227 255 193 289 614 753 963 1619 19414 8637 980 231 83,event,False,False,False
u060,fr,Olivier_Faure,2026-08-30,0 5 0 0 0 9 15 21 15 13 21 35 34 31 29 29 27 25 32 18 37 24 9 6 5 5 0 0 5 6 22 18 15 25 35 74 46 42 45 40 53 61 109 36 58 36 18 14 10 0 7 6 17 22 53 54 54 26 51 65 46 65 2011 235 168 185 160 121 133 95 52 16 24 39 9 13 41 73 161 204 390 309 303 530 240 194 169 187 196 257 22836 2482 1416 783 368 180,unsure,False,False,False
u061,fr,Sur_mes_lèvres,2026-10-01,0 0 0 0 0 0 0 0 0 0 0 0 0 0 0 0 6 0 0 0 9 0 0 0 0 0 0 0 0 0 0 0 0 0 0 0 0 0 6 6 0 5 0 0 38 5 6 0 0 0 0 0 0 0 5 8 5 13 8 15 6 6 11 6 13 10 17 15 31 20 14 0 0 0 7 15 22 63 96 117 106 139 128 161 157 157 194 263 420 611 1079 8363 5798 1380 241 74,event,False,False,False
u062,hu,Baka_András,2026-08-08,0 0 0 0 0 0 0 469 1108 1119 1038 814 846 1552 1605 1578 1088 1053 820 747 610 341 171 67 58 39 50 123 264 388 421 400 449 781 796 656 590 671 779 737 1040 944 534 578 421 190 130 66 48 37 39 82 167 237 276 295 212 260 334 315 219 283 407 448 359 621 961 501 298 169 103 55 48 24 30 71 131 223 282 531 709 709 949 16014 11362 9186 9367 6810 5990 4251 3861 4055 3660 2297 1213 591,event,False,False,False
u063,it,Finalement_-_Storia_di_una_tromba_che_si_innamora_di_un_pianoforte,2026-08-28,0 0 0 0 0 0 0 6 0 6 0 0 25 9 10 5 0 0 39 27 16 10 0 0 0 0 0 0 0 0 0 0 0 16 0 0 31 10 0 10 6 0 20 22 10 0 0 0 0 0 0 0 0 7 0 11 8 0 5 11 0 12 11 5 5 9 14 29 20 20 5 0 0 0 0 8 19 45 77 86 68 74 105 141 128 196 179 220 339 321 850 7745 6381 6477 681 108,event,False,False,False
u064,it,Giallo_di_Posillipo,2026-09-19,0 0 0 0 0 0 0 0 0 0 0 0 0 0 0 0 0 0 0 0 0 0 0 0 0 0 0 0 0 0 0 0 0 0 0 0 0 6 5 0 0 0 0 0 0 5 0 0 0 0 0 0 0 0 0 6 7 24 45 83 115 92 80 70 77 72 69 103 78 71 58 20 11 12 13 12 36 71 65 50 32 32 22 30 33 32 31 32 42 26 132 87 3705 6334 999 143,event,False,False,False
u065,it,Hayden_Panettiere,2026-08-17,5 0 0 6 0 5 7 11 8 6 12 10 14 25 15 8 17 7 10 24 18 28 11 5 6 0 0 0 0 0 0 10 0 6 9 0 12 14 16 12 15 17 17 13 30 37 16 9 10 6 0 0 0 0 9 10 13 9 14 7 22 25 19 24 23 14 15 18 23 28 15 13 5 0 0 1814 9155 25318 36043 35785 29734 23162 20414 20239 19446 14734 12176 10305 9155 8542 8442 9680 9300 7647 5111 2802,event,False,False,False
u066,it,La_ragazza_del_mare,2026-09-28,0 0 0 0 0 0 0 0 0 0 0 0 0 0 0 0 0 7 0 0 30 0 10 0 0 0 0 0 0 0 0 0 0 0 0 0 0 0 0 8 0 0 6 0 0 0 0 0 0 0 0 0 0 0 7 6 8 0 11 0 0 5 11 0 7 6 10 6 7 10 6 7 0 0 0 0 16 26 61 90 51 48 66 74 136 107 116 114 147 289 464 3731 8115 6419 428 83,event,False,False,False
u067,ja,YURIMARI,2026-09-14,0 0 0 9 6 10 0 6 5 0 9 6 9 5 0 5 0 0 0 0 0 0 0 0 0 0 0 6 0 0 0 6 0 7 10 5 7 5 7 9 5 0 0 0 0 0 5 0 0 6 5 5 9 0 0 11 6 5 7 7 8 9 0 0 6 0 0 0 0 0 7 0 7 0 5 5 0 0 0 6 0 6 6 5 99883 58633 48166 19521 11201 6952 5475 5979 12038 21050 23766 19984,event,False,False,False
u068,ja,アレックス・カーク,2026-09-20,13 13 17 31 19 14 15 13 18 16 19 22 19 13 15 11 0 0 0 0 0 8 8 12 9 5 9 16 0 0 7 6 7 18 91 145 5311 2678 239 189 113 71 41 36 89 107 135 257 167 133 109 100 96 80 69 55 70 57 67 54 61 47 35 21 22 6 7 5 0 9 12 22 40 21 24 37 1699 72 75 50 80 70 7071 7810 5683 449 244 123 84 49 32 21 42 86 123 163,event,False,False,False
u069,ja,キリンカップサッカー2026,2026-10-05,328 314 367 465 264 203 195 174 148 168 176 141 172 165 139 70 33 28 11 20 16 37 40 37 49 58 39 51 35 41 33 54 53 80 126 73 88 64 40 15 10 9 12 10 9 21 26 33 56 35 37 35 36 30 35 38 53 67 70 38 42 60 37 28 8 13 11 10 16 37 102 68 73 97 84 204 151 93 127 128 203 266 3619 3126 6666 1455 708 352 219 159 121 107 168 383 554 735,event,False,False,False
u070,ja,ジョシュア_(ファッションモデル),2026-09-26,7 9 17 16 8 8 7 13 8 11 11 13 14 12 13 0 0 0 0 0 0 0 0 7 5 7 9 7 7 0 0 0 5 5 5 0 8 0 8 0 0 0 0 0 0 0 0 0 0 0 5 84 82 5 146 38 23 15 33 23 25 37 20 19 8 0 6 0 20 7 13 10 16 55 59 68 929 1729 3474 3695 2458 14205 13013 8811 2552 3894 661 4081 2435 1325 943 966 1434 2626 3300 446,event,False,False,False
u071,ja,ナガエツルノゲイトウ,2026-09-15,0 0 0 0 0 0 0 0 6 0 0 0 0 0 0 0 0 0 0 0 0 0 6 0 0 0 0 0 0 0 15 0 5 5 0 5 0 0 0 0 0 0 0 0 0 0 0 6 10 7 6 0 11 5 0 11 0 7 46 39 13 6 0 0 0 0 0 5 9 58 15 21 61 50 64 135 54 62 48 60 45 69 11010 1311 689 446 264 172 71 76 61 193 124 176 247 303,unsure,False,False,False
u072,ja,一松旬,2026-08-06,34 57 46 31 52 34 17 33 60 33 34 32 25 31 17 7 8 0 0 0 0 11 20 42 29 32 21 32 28 26 35 49 30 15 7 18 20 14 9 9 7 0 0 0 7 12 16 12 18 26 22 15 18 33 13 14 11 10 9 14 24 16 19 12 0 10 0 0 0 5 0 19 18 14 19 16 40 16 28 15 2172 4774 8527 8840 6837 2577 1623 2682 1543 1046 946 1117 2112 3546 3422 2412,event,False,False,False
u073,ja,井林辰憲,2026-09-17,0 8 0 5 8 0 5 0 0 0 0 0 0 0 6 0 0 0 0 0 0 0 0 0 0 6 5 0 0 0 11 0 7 0 6 0 0 0 0 0 0 0 0 0 0 0 0 0 5 6 10 8 0 0 0 0 7 0 0 0 6 9 7 0 0 0 0 0 0 0 0 7 13 16 193 1580 7615 9389 5504 4521 2940 3380 3321 1916 4335 2218 1602 601 321 230 207 249 481 778 1171 1428,event,False,False,False
u074,ja,伊勢大貴,2026-09-12,0 0 0 0 0 0 0 0 0 0 0 0 5 0 0 0 0 0 0 0 0 0 0 0 0 0 0 0 0 0 0 0 6 5 24 14 5 0 0 0 0 0 0 0 0 0 0 0 0 0 0 0 0 0 0 0 0 0 0 0 0 0 0 0 0 0 0 0 0 0 0 0 26 0 0 5 0 0 0 0 0 0 5 20492 2362 1015 640 257 138 89 59 56 97 164 239 273,unsure,False,False,False
u075,ja,佐藤あかり_(タレント),2026-09-17,0 0 0 0 0 0 0 0 0 0 5 6 7 0 0 0 0 0 0 0 0 0 0 6 0 0 162 300 316 361 238 175 98 57 27 46 23 19 14 10 7 6 0 6 18 25 18 26 17 21 15 13 16 17 20 17 13 6 13 13 9 15 45 23 7 8 7 0 5 16 8 7 15 12 18 18 10 12 21 16 8 7 9 10 66955 3263 1241 575 302 224 144 144 215 453 544 496,non_event,False,False,False
u076,ja,勘違い騎士道事件,2026-09-16,0 0 7 0 5 0 0 0 0 0 0 0 0 0 0 0 0 0 0 0 0 0 0 0 0 0 0 0 0 0 0 0 0 0 0 0 0 0 0 0 0 0 0 0 0 0 0 0 0 0 0 0 0 0 0 0 0 0 0 0 0 0 0 0 0 0 0 0 0 0 0 0 0 19 91 981 7690 21149 13517 6458 4479 3232 2106 1475 1036 552 287 209 126 119 150 120 138 235 405 340,event,False,False,False
u077,ja,勝信,2026-08-25,84 56 45 32 41 36 56 85 35 109 44 358 146 50 58 69 54 52 24 35 32 33 35 36 24 14 30 26 39 27 34 109 44 27 36 212 48 25 31 49 30 20 17 22 43 43 46 31 64 42 24 93 37 43 28 72 35 36 44 54 39 35 63 26 13 13 11 0 14 73 59 38 132 76 62 188 84 100 99 97 102 129 368 24223 3633 2069 1521 968 588 371 287 410 593 807 991 1030,unsure,False,False,False
u078,ja,千葉小3女児殺害事件,2026-09-23,0 9 14 13 9 0 13 0 5 10 0 0 0 10 5 10 6 0 0 0 5 6 8 10 0 5 8 11 54 257 211 3109 61265 72570 46942 43044 41478 42763 33079 17768 10338 6747 4337 3703 4020 5441 7135 7119 6497 6544 6996 5723 5247 5022 4082 3488 2914 2564 2116 2578 3433 4753 3333 1355 1580 1700 1028 610 742 2228 4502 8698 18984 41739 45975 40307 34901 27146 21867 21593 20739 18552 15789 18879 18608 18618 9667 4176 2659 1625 1052 719 783 1368 1435 957,event,False,False,False
u079,ja,名古屋立てこもり放火事件,2026-10-02,24 29 32 40 25 30 22 37 34 23 20 19 22 38 24 12 17 9 5 0 11 0 8 9 10 12 19 13 17 18 21 15 20 6 5 19 27 43 27 19 28 7 6 0 0 0 7 5 0 8 16 8 22 18 14 5 8 9 139 68 22 51 38 39 50 45 10 10 28 90 134 226 185 232 225 202 206 131 149 190 156 372 95731 7187 3788 2665 1746 895 505 351 229 241 338 587 688 712,unsure,False,False,False
u080,ja,周富輝,2026-07-31,0 0 0 0 0 0 5 0 0 0 0 0 144 5 0 5 0 0 0 0 0 0 0 0 0 0 8 0 0 10 0 5 0 0 10 6 13 6 0 8 0 0 0 0 0 0 6 0 0 0 0 5 0 5 9 15 7 9 32 17 129 18 25 18 11 7 0 0 20 7 42 14 189 31 25 19 19 13 14 14 22 12 26 5060 17105 630 432 196 124 82 65 54 78 122 164 213,unsure,False,False,False
u081,ja,小栗孝一,2026-07-18,0 0 0 0 0 0 0 0 0 0 0 0 0 0 0 0 0 0 0 0 0 0 0 0 0 5 0 0 0 0 0 0 0 0 0 0 0 0 0 0 0 0 0 0 0 0 0 0 0 0 0 8 0 0 0 0 0 0 0 8 0 0 0 0 0 0 0 0 5 0 0 0 32 30 7 12 8 5 5 0 10 8 14 9221 1153 474 284 152 74 65 40 49 72 87 128 162,unsure,False,False,False
u082,ja,李容洙,2026-08-20,0 0 0 0 0 0 0 0 0 0 0 0 0 0 0 0 0 0 0 0 0 0 0 0 0 0 0 0 0 0 0 0 0 0 0 0 0 0 0 0 0 0 6 0 0 0 0 0 0 0 0 0 0 0 0 0 0 0 7 27 190 204 147 85 60 61 44 30 28 50 46 76 75 45 46 56 64 63 147 579 1499 4158 18862 68872 19570 953 358 150 92 43 37 47 58 73 79 54,event,False,False,False
u083,ja,池江敏郎,2026-07-18,0 0 0 0 0 0 0 0 0 0 0 0 0 0 0 0 0 0 0 0 0 0 0 0 0 0 0 0 0 0 0 0 0 0 0 0 0 0 0 0 0 0 0 0 0 0 0 0 0 0 0 0 0 0 0 0 0 0 0 0 5 0 0 0 0 0 0 0 0 0 6 0 8 0 0 5 0 0 0 0 0 5 15 8623 1248 632 363 161 103 87 54 46 75 100 113 197,unsure,False,False,False
u084,ja,藤井比早之,2026-09-17,5 6 0 0 0 7 0 0 0 0 0 0 7 0 0 0 0 0 0 0 0 0 0 0 0 0 0 0 0 0 0 0 5 0 0 0 0 0 0 5 0 0 0 0 0 0 0 6 7 0 0 0 5 6 0 0 0 0 0 5 5 0 5 0 0 0 0 0 0 0 0 0 9 35 108 2000 8435 11038 6073 4325 3233 3257 2561 1943 1840 2032 1166 527 319 223 193 240 317 619 957 852,event,False,False,False
u085,ja,藤沢秀行,2026-08-18,0 0 0 0 0 0 0 0 0 0 0 0 0 0 0 0 0 0 0 0 0 0 0 0 5 0 0 0 5 0 0 0 0 0 0 0 0 0 0 0 0 0 0 0 0 0 0 0 0 0 0 0 5 0 8 5 0 0 5 0 0 0 5 0 0 0 0 0 0 0 0 0 7 9 0 8 11 8 5 0 0 0 13744 1263 431 265 165 95 52 42 30 35 59 78 92 125,unsure,False,False,False
u086,ja,豊原江理佳,2026-07-24,0 0 0 0 0 0 0 0 0 0 0 5 5 5 0 0 0 0 0 0 0 0 0 0 0 0 0 0 0 0 0 0 0 0 7 0 0 0 0 0 0 0 0 0 0 0 0 5 0 0 0 0 0 0 0 0 0 0 0 0 0 0 5 0 0 0 0 0 0 0 0 0 0 0 5 5 5 13 0 12 10 9 1634 8896 503 350 245 138 70 55 30 22 23 54 72 73,unsure,False,False,False
u087,ja,鄭守一,2026-09-24,0 0 0 0 0 0 0 0 0 0 0 0 0 0 0 0 0 0 0 0 0 0 0 0 0 0 0 0 0 0 0 0 0 0 0 0 0 0 0 0 0 0 0 0 0 0 0 0 0 0 0 0 0 0 0 0 10 22 43 152 178 158 109 84 40 35 16 31 31 65 72 90 95 215 1232 7299 3974 2333 1621 1048 801 961 963 788 651 422 296 308 216 151 99 145 160 189 281 295,event,False,False,False
u088,ja,震度7,2026-07-28,8 0 0 0 7 0 10 0 0 5 8 0 6 0 5 0 0 0 0 0 0 0 0 0 17 0 0 6 0 10 6 0 0 0 0 0 7 5 0 0 0 0 0 0 0 0 0 7 8 0 0 7 0 0 7 7 0 6 0 0 6 7 0 0 0 0 0 0 0 0 0 0 13 8 13 5 0 9 0 16167 7269 3759 4111 3396 3520 2854 1951 1127 776 462 347 311 451 804 1279 1394,event,False,False,False
u089,ja,鴫原ひなた,2026-08-29,58 44 56 70 49 42 38 35 37 35 44 35 40 32 26 15 0 0 10 0 5 7 15 13 17 5 16 21 26 17 13 22 12 19 484 1202 133 84 47 32 15 7 7 11 11 38 37 44 39 43 32 55 50 23 33 44 42 33 50 54 60 40 44 27 14 7 0 8 8 16 23 21 18 22 37 26 31 53 28 29 43 343 7489 2156 393 233 177 229 91 60 58 42 74 134 137 113,unsure,False,False,False
u090,nl,Geert-Jan_Knoops,2026-08-16,0 0 0 0 0 0 13 0 0 0 0 0 0 5 0 17 10 10 35 21 28 35 0 0 0 0 0 0 6 0 10 0 0 0 0 0 0 5 14 5 9 25 28 41 120 57 16 7 0 0 0 0 0 17 32 14 8 13 12 20 37 48 53 59 42 46 48 41 96 74 25 11 0 0 0 0 5 27 35 42 33 32 31 64 128 168 191 141 214 215 166 2574 8324 922 275 70,unsure,False,False,False
u091,nl,Katarzyna_Niewiadoma,2026-08-07,0 0 0 0 0 0 8 5 0 5 5 9 6 13 58 298 69 13 8 15 16 9 6 0 5 0 0 0 6 5 9 5 5 10 10 29 29 13 20 517 204 70 49 82 81 41 11 9 0 0 6 5 13 20 31 22 24 14 24 25 24 43 47 71 21 9 16 8 14 5 6 0 0 0 0 0 0 9 16 24 7 10 11 16 20 49 206 8882 959 734 428 515 534 273 121 40,unsure,False,False,False
u092,nl,Pitcairn_(eiland),2026-08-16,0 0 0 0 0 0 0 0 0 0 0 0 0 0 0 0 0 0 24 5 16 7 0 0 0 0 0 0 0 0 0 0 0 0 0 0 0 0 0 0 0 0 0 0 5 0 0 0 0 0 0 0 0 0 0 0 0 0 0 0 0 0 0 0 0 0 6 0 8 0 0 0 0 0 0 0 0 0 0 9 14 10 9 8 5 14 13 22 26 638 7145 399 168 92 410 55,unsure,False,False,False
u093,pl,Ch-101/102,2026-07-30,0 0 0 0 0 0 0 0 0 0 0 0 0 0 0 0 0 0 0 0 0 0 0 0 0 0 0 0 0 0 0 0 0 0 0 0 0 0 0 0 0 0 0 0 0 0 0 0 0 0 0 0 0 0 0 0 0 0 0 0 0 0 0 0 0 0 0 0 0 0 0 5 0 9 171 51 90 707 2505 8482 10538 10631 8129 7020 5565 4898 4319 3323 3266 3251 2850 3215 2571 1603 778 400,event,False,False,False
u094,pl,Gary_Barlow,2026-08-30,0 0 0 0 0 0 0 0 0 0 0 0 0 0 0 0 0 0 0 0 0 0 6 5 0 0 0 0 0 0 0 0 0 0 0 6 0 7 0 0 8 9 0 10 6 0 0 0 0 0 0 0 0 0 0 5 0 0 0 0 0 0 0 0 0 5 0 6 6 20 5 0 0 0 0 0 0 0 5 5 0 5 0 5 8 5 0 5 5 6 86 6727 174 43 24 13,non_event,False,False,False
u095,ru,"Лямин,_Денис_Игоревич",2026-08-05,0 0 0 0 5 0 7 0 0 5 5 0 0 6 0 0 6 0 11 11 0 7 0 0 0 0 0 0 0 0 5 0 5 0 7 5 5 0 6 12 0 6 7 6 5 0 0 0 0 0 0 0 0 0 0 6 0 0 5 7 0 6 5 0 0 0 21 5 0 0 0 0 0 0 0 0 0 0 0 0 0 3376 7976 4761 3295 2461 1735 1761 1405 1416 1175 874 749 420 239 166,event,False,False,False
u096,ru,Мениск_(анатомия),2026-08-24,0 0 0 5 5 0 5 0 0 6 0 0 0 9 6 0 7 0 0 7 0 0 0 0 0 0 0 5 0 0 5 0 0 0 0 0 0 0 5 6 0 10 8 0 0 5 0 0 5 0 0 0 0 0 0 0 0 0 5 0 0 0 0 12 8 6 5 7 0 0 0 0 0 0 0 0 0 9 5 15219 13069 6961 4676 3162 2466 1867 1863 1381 1097 1039 891 767 668 458 302 244,event,False,False,False
u097,tr,Paola_Egonu,2026-09-06,0 0 0 0 0 0 0 0 7 7 0 0 0 8 5 8 24 51 102 12 13 12 0 0 0 0 0 0 0 7 13 7 10 11 7 0 0 0 7 0 11 5 5 8 0 0 0 0 0 0 0 0 0 0 5 0 0 7 0 7 13 83 234 82 235 410 110 121 75 76 29 15 10 7 8 8 17 24 36 73 68 84 79 65 74 95 100 320 4646 6798 3665 862 475 341 179 112,event,False,False,False
u098,tr,Çanakkale_Boğazı,2026-08-11,0 0 0 0 0 0 0 0 0 0 5 0 0 7 0 0 6 8 0 0 5 8 0 0 0 0 0 0 0 0 5 7 0 0 0 0 0 7 0 0 0 5 7 6 0 6 6 0 0 0 0 0 0 0 0 0 5 0 0 9 6 0 9 0 7 0 0 8 7 0 0 0 0 0 0 0 24 9222 3573 1133 500 37 28 15 36 69 35 28 36 33 16 15 14 10 22 18,unsure,False,False,False
u099,vi,Lê_Thanh_Hải_(chính_khách),2026-08-05,6 6 5 0 0 7 6 7 5 12 0 11 12 13 16 0 14 0 8 8 5 7 7 8 6 6 7 5 5 7 8 7 11 20 9 13 17 33 66 63 50 24 10 0 5 0 7 47 66 70 23 15 14 19 29 31 21 47 30 32 48 52 66 87 69 46 28 17 7 11 22 36 52 76 90 86 129 118 127 127 129 107 98 107 5971 58798 8206 7579 4532 2406 1491 1313 973 870 1167 2181,unsure,False,False,False
u100,vi,Vụ_hỏa_hoạn_ITC,2026-08-05,0 0 0 0 0 0 0 0 0 0 0 0 0 0 0 0 0 0 0 0 0 0 0 0 0 0 0 0 0 0 0 0 0 0 0 0 0 0 0 0 0 0 0 0 0 0 0 0 0 0 0 0 0 0 0 0 0 0 0 0 0 0 0 0 0 0 0 0 0 0 0 0 0 0 0 0 0 0 0 0 0 0 0 0 55 46928 4859 5432 3857 3138 1589 1591 1294 1949 3822 5237,event,False,False,False
