kickoff,teams,reason
2026-07-04 17:00:00,Canada men's national  soccer team vs Morocco national football team,out of the scored period
2026-07-04 21:00:00,Paraguay national football team vs France national football team,out of the scored period
2026-07-05 20:00:00,Brazil national football team vs Norway national football team,out of the scored period
2026-07-06 01:00:00,Mexico national football team vs England national football team,out of the scored period
2026-07-06 19:00:00,Portugal national football team vs Spain national football team,out of the scored period
2026-07-07 00:00:00,United States men's national  soccer team vs Belgium national football team,out of the scored period
2026-07-07 16:00:00,Argentina national football team vs Egypt national football team,out of the scored period
2026-07-07 20:00:00,Switzerland national football team vs Colombia national football team,out of the scored period
2026-07-09 20:00:00,France national football team vs Morocco national football team,out of the scored period
2026-07-10 19:00:00,Spain national football team vs Belgium national football team,out of the scored period
2026-07-11 21:00:00,Norway national football team vs England national football team,out of the scored period
2026-07-12 01:00:00,Argentina national football team vs Switzerland national football team,out of the scored period
2026-07-14 19:00:00,France national football team vs Spain national football team,out of the scored period
2026-07-15 19:00:00,England national football team vs Argentina national football team,out of the scored period
