date,title,qid,n_languages,detected,start_hour,lead_lang,breadth,event_class,announcement,delay_from_announcement_h,detected_n2,detected_n5
2026-07-17,Osvaldo Bagnoli,524615,13,True,2026-07-17 09:00:00,it,4,multi_language,,,True,False
2026-07-17,Germain Berthé,18745034,11,False,,,,,2026-07-18 08:50:39,,False,False
2026-07-17,Gabriel Antonio Camilo González,601155,6,False,,,,,2026-07-18 17:34:36,,False,False
2026-07-17,Freddy Cannon,962043,14,False,,,,,2026-07-18 18:45:52,,False,False
2026-07-17,Garfield Sobers,981485,9,True,2026-07-17 14:00:00,en,4,single_language,2026-07-17 15:23:03,-1.0,True,False
2026-07-18,Sergei Agashkov,4056783,6,False,,,,,2026-07-18 20:22:19,,True,False
2026-07-18,Moses Ali,1949128,5,False,,,,,2026-07-18 15:04:56,,False,False
2026-07-18,Chen Gang (composer),9182261,6,False,,,,,2026-07-18 07:22:44,,True,False
2026-07-18,Heinz Dieterich,75238,6,False,,,,,,,False,False
2026-07-18,Scott Dureau,3476211,5,False,,,,,,,False,False
2026-07-18,Jennifer Finch,10306650,9,True,2026-07-19 01:00:00,en,5,multi_language,2026-07-19 02:57:27,-1.0,True,True
2026-07-18,Tim Murphy (Pennsylvania politician),2434181,10,False,,,,,2026-07-19 17:34:40,,False,False
2026-07-18,Duane Ward,5310399,7,False,,,,,2026-07-19 13:08:17,,False,False
2026-07-19,Christine Borland,5110933,5,False,,,,,2026-07-20 20:03:19,,False,False
2026-07-19,Toshiaki Fushimi,2367907,13,True,2026-07-19 14:00:00,ja,3,multi_language,2026-07-19 13:26:55,1.0,True,False
2026-07-19,Richard Heinberg,1342829,5,False,,,,,,,False,False
2026-07-19,Venceslas Kruta,1408252,5,False,,,,,,,False,False
2026-07-19,Vladimir Kuznetsov (cyclist),9381616,8,False,,,,,2026-07-20 12:26:32,,True,False
2026-07-19,Jaroslav Zvěřina,3490143,5,False,,,,,2026-07-19 11:21:44,,True,False
2026-07-20,Chang Chang-sun,5071589,9,True,2026-07-20 06:00:00,en,3,multi_language,2026-07-20 06:16:03,0.0,True,False
2026-07-20,Kevin Keegan,152832,29,True,2026-07-20 14:00:00,en,28,multi_language,2026-07-20 14:31:04,0.0,True,True
2026-07-20,Joachim Kerzel,73900,5,False,,,,,,,False,False
2026-07-20,Francesco Massaro,551807,7,False,,,,,2026-07-20 20:06:37,,True,False
2026-07-20,Christopher Ondaatje,1086882,6,False,,,,,,,False,False
2026-07-21,Kaylee Hottle,109595960,19,True,2026-07-21 12:00:00,en,9,multi_language,2026-07-21 12:58:25,0.0,True,True
2026-07-21,Olivera Katarina,439686,6,True,2026-07-22 02:00:00,en,4,multi_language,2026-07-21 17:29:51,9.0,True,False
2026-07-21,Milton Scaron,3273228,12,False,,,,,,,False,False
2026-07-21,Olaf Tufte,436113,18,True,2026-07-21 14:00:00,no,9,multi_language,2026-07-21 15:13:56,-1.0,True,True
2026-07-21,Erwin Vandendaele,3057579,14,True,2026-07-22 16:00:00,nl,3,multi_language,2026-07-22 16:54:19,0.0,True,False
2026-07-21,James Woolsey,1681327,15,False,,,,,2026-07-22 04:18:50,,False,False
2026-07-22,Eiji Bandō,5349207,6,False,,,,,,,False,False
2026-07-22,Luiz Carlos Barreto,10320642,6,False,,,,,2026-07-23 10:14:17,,True,False
2026-07-22,Gordon G. Gallup,3110897,6,False,,,,,,,False,False
2026-07-22,Celina Jesionowska,458952,13,True,2026-07-23 16:00:00,en,3,multi_language,2026-07-23 10:01:28,6.0,True,False
2026-07-22,Oliver Jones (pianist),1116211,7,False,,,,,2026-07-23 02:19:06,,True,False
2026-07-22,Kim Jong-im,10855885,5,False,,,,,2026-07-23 21:56:26,,False,False
2026-07-22,Luís Represas,3266801,5,True,2026-07-23 01:00:00,pt,4,multi_language,,,True,False
2026-07-22,Chuck Russell,725006,20,False,,,,,,,False,False
2026-07-22,James Sloyan,339902,7,False,,,,,,,False,False
2026-07-22,Heinz Stücke,69971,9,False,,,,,2026-07-23 12:16:54,,False,False
2026-07-22,Haim Yavin,2890958,5,False,,,,,2026-07-22 14:38:45,,True,False
2026-07-23,Jean-Pierre Dorléac,3169230,5,False,,,,,,,False,False
2026-07-23,Keigo Higashino,125970,16,False,,,,,,,False,False
2026-07-23,Kōzō Okamoto,218862,17,True,2026-07-23 14:00:00,ar,8,multi_language,2026-07-23 15:24:47,-1.0,True,True
2026-07-23,William Orbit,366804,20,False,,,,,,,False,False
2026-07-23,Nicholas Platt,11324272,5,False,,,,,,,False,False
2026-07-24,Akbar Abdi,2828957,5,True,2026-07-25 06:00:00,fa,3,multi_language,2026-07-24 17:37:57,13.0,True,False
2026-07-24,Gunther von Hagens,65896,16,False,,,,,,,False,False
2026-07-24,Mary de Rachewiltz,137683,8,True,2026-07-25 05:00:00,en,3,multi_language,2026-07-25 01:07:34,4.0,True,False
2026-07-24,Kalilou Traoré,745107,13,True,2026-07-25 12:00:00,en,3,multi_language,2026-07-25 12:44:28,0.0,True,False
2026-07-24,Achito Vivas,3604453,12,False,,,,,,,True,False
2026-07-25,Marie-Paule Belle,521312,7,True,2026-07-26 03:00:00,fr,3,multi_language,,,True,False
2026-07-25,Branislav Drobnjak,4957397,5,False,,,,,2026-07-25 18:29:28,,False,False
2026-07-25,Bill Oddie,2407976,5,False,,,,,,,False,False
2026-07-26,Joel Cohen (musician),6213319,5,False,,,,,2026-07-27 18:32:46,,False,False
2026-07-26,Milan Knížák,3566375,6,True,2026-07-26 08:00:00,cs,4,multi_language,2026-07-26 09:24:22,-1.0,True,False
2026-07-26,Pié Masumbuko,720180,11,False,,,,,,,False,False
2026-07-26,Betye Saar,2900288,6,False,,,,,2026-07-27 21:47:06,,True,False
2026-07-26,Ian Wood (businessman),15047487,5,False,,,,,2026-07-27 09:24:50,,False,False
2026-07-27,Ursula Hegi,7901240,5,False,,,,,,,False,False
2026-07-27,Bill Hewitt (basketball),1463599,8,False,,,,,2026-07-27 23:59:21,,False,False
2026-07-27,Zlatan Ibrahimbegović,8072973,5,False,,,,,2026-07-27 20:00:18,,False,False
2026-07-27,Johannes Krisch,1295281,9,True,2026-07-27 10:00:00,de,3,multi_language,2026-07-27 11:48:14,-1.0,True,False
2026-07-27,Phyllida Law,432357,16,False,,,,,,,False,False
2026-07-27,Takeaki Matsumoto,1315762,13,False,,,,,,,False,False
2026-07-28,Kristina Carlson,422824,8,True,2026-07-29 09:00:00,fi,3,multi_language,2026-07-29 13:19:05,-4.0,True,False
2026-07-28,Pablo Garrido,2045186,5,False,,,,,,,False,False
2026-07-28,Kavinsky,982784,21,True,2026-07-29 07:00:00,fr,15,multi_language,2026-07-29 08:45:40,-1.0,True,True
2026-07-28,Vassil Kazandjiev,7916938,5,False,,,,,2026-07-28 19:40:14,,True,False
2026-07-28,Benjamin Alire Sáenz,2264253,12,False,,,,,,,True,False
2026-07-28,Raoul Vaneigem,537924,11,False,,,,,,,False,False
2026-07-29,Simone Forti,3484563,7,False,,,,,2026-07-29 19:17:37,,True,False
2026-07-29,Glen Hansard,220010,18,True,2026-07-29 08:00:00,en,12,multi_language,2026-07-29 10:20:26,-2.0,True,True
2026-07-29,Scott Hylands,7436546,7,False,,,,,,,False,False
2026-07-29,Jarosław Jechorek,11720871,5,False,,,,,,,True,False
2026-07-29,Francis Teke Lysinge,1441750,7,False,,,,,2026-07-29 22:38:15,,False,False
2026-07-29,Harry Mitchell,928861,6,False,,,,,2026-07-30 01:29:22,,False,False
2026-07-29,Billy Ray Smith Jr.,4913210,6,False,,,,,2026-07-29 23:50:15,,True,False
2026-07-29,Tássio,496283,5,False,,,,,2026-07-30 12:44:37,,True,False
2026-07-29,Hernando Tovar,939282,13,False,,,,,2026-07-30 16:24:38,,False,False
2026-07-30,Timoteo Hikmat Beylouni,2435029,5,False,,,,,2026-07-31 16:17:16,,False,False
2026-07-30,Iga Cembrzyńska,8220387,6,True,2026-07-30 15:00:00,pl,3,multi_language,2026-07-30 15:04:36,0.0,True,False
2026-07-30,Ivan Edeshko,2536207,16,True,2026-07-30 17:00:00,ru,3,multi_language,2026-07-30 19:50:57,-2.0,True,False
2026-07-30,Donatille Mukabalisa,28868753,5,False,,,,,2026-07-30 07:02:05,,False,False
2026-07-30,James Munkres,3710524,7,False,,,,,,,False,False
2026-07-30,Kazimira Prunskienė,257779,22,True,2026-07-30 14:00:00,en,5,multi_language,2026-07-30 20:24:10,-6.0,True,True
2026-07-30,Manolo Solo,23055064,10,True,2026-07-30 10:00:00,es,3,multi_language,2026-07-30 12:23:56,-2.0,True,False
2026-07-30,Marģers Vestermanis,5251789,7,True,2026-07-31 02:00:00,en,3,multi_language,2026-07-30 22:42:30,4.0,True,False
2026-07-30,2026 Broad Peak avalanche,140800370,12,False,,,,,,,False,False
2026-07-30,Nirmal Purja,64027141,25,True,2026-07-30 20:00:00,it,11,multi_language,2026-07-31 08:37:34,-12.0,True,True
2026-07-31,Franco Baresi,189984,29,False,,,,,2026-07-31 05:46:00,,False,False
2026-07-31,Jerney Kaagman,299912,6,False,,,,,,,False,False
2026-07-31,Alexei Murygin,26285,7,True,2026-08-01 10:00:00,ru,3,multi_language,,,True,False
2026-07-31,IMDb,37312,30,False,,,,,,,False,False
2026-08-01,Beitia (footballer),3773322,6,False,,,,,,,False,False
2026-08-01,Natalia Dontcheva,12287782,5,True,2026-08-02 07:00:00,fr,3,multi_language,2026-08-02 21:16:13,-14.0,True,False
2026-08-01,Vincent Pastore,512986,24,True,2026-08-01 20:00:00,en,12,multi_language,2026-08-01 20:24:01,0.0,True,True
2026-08-01,Monty Roberts,963523,13,True,2026-08-02 14:00:00,de,4,multi_language,2026-08-02 20:29:47,-6.0,True,False
2026-08-02,"Paul Bradshaw (footballer, born 1953)",7149484,6,False,,,,,2026-08-03 15:32:55,,True,False
2026-08-02,Kay Granger,468807,12,False,,,,,2026-08-03 01:02:11,,True,False
2026-08-02,Monika Helfer,113890,6,False,,,,,,,True,False
2026-08-02,Sepp Puschnig,692302,5,False,,,,,2026-08-03 14:36:12,,True,False
2026-08-02,Ioannis Varvitsiotis,1428443,8,True,2026-08-02 15:00:00,el,4,multi_language,2026-08-02 21:12:54,-6.0,True,False
2026-08-03,Mateusz Bąk,6786685,5,False,,,,,2026-08-03 18:34:46,,True,False
2026-08-03,Grace Chang,711380,10,True,2026-08-04 03:00:00,zh,3,multi_language,2026-08-03 15:03:43,12.0,True,False
2026-08-03,Jon Cypher,776589,9,False,,,,,,,False,False
2026-08-03,Júlio Duarte Langa,1715702,16,False,,,,,2026-08-04 12:37:59,,True,False
2026-08-03,Anthony Kenny,250315,13,False,,,,,,,False,False
2026-08-03,Allan Nascimento,140516374,6,False,,,,,2026-08-04 05:03:08,,False,False
2026-08-03,Hatsuo Royama,920672,8,False,,,,,2026-08-03 19:10:44,,True,False
2026-08-03,Iván Szelényi,538477,7,False,,,,,2026-08-03 11:41:59,,True,False
2026-08-03,Ruslan Taramov,15074911,6,False,,,,,2026-08-03 11:55:50,,True,False
2026-08-04,Bruno Campanella,3645677,6,True,2026-08-04 16:00:00,it,3,multi_language,2026-08-04 19:58:05,-3.0,True,False
2026-08-04,Nils Eklund,5630095,5,False,,,,,,,False,False
2026-08-04,Dory Funk Jr.,631530,16,True,2026-08-04 19:00:00,en,4,multi_language,2026-08-05 21:53:50,-26.0,True,False
2026-08-04,Pepe Habichuela,1147965,6,True,2026-08-05 03:00:00,es,3,multi_language,,,True,False
2026-08-04,Klaus Hänsch,62420,14,False,,,,,2026-08-05 13:00:57,,True,False
2026-08-04,Victor Niederhoffer,7926190,5,False,,,,,2026-08-05 07:34:43,,False,False
2026-08-04,D. Y. Patil,301947,6,False,,,,,2026-08-04 07:39:54,,False,False
2026-08-04,Lloyd Robertson,3257540,5,False,,,,,2026-08-05 04:03:07,,True,False
2026-08-05,Didier Decoin,1210538,13,True,2026-08-05 11:00:00,fr,3,single_language,2026-08-05 22:11:57,-11.0,True,False
2026-08-05,Tim Jeal,7803716,5,False,,,,,,,False,False
2026-08-05,Wilhelmina Lust,2766387,6,False,,,,,,,False,False
2026-08-05,Cozell McQueen,3696389,5,False,,,,,2026-08-06 07:46:20,,False,False
2026-08-05,Zoltán Melis,8073676,15,False,,,,,2026-08-06 14:28:03,,True,False
2026-08-05,Egon Rusch,1367773,16,False,,,,,,,False,False
2026-08-06,Peter Faber (actor),82302,9,True,2026-08-07 05:00:00,nl,4,multi_language,,,True,False
2026-08-06,Kapeliele Faupala,3113355,5,False,,,,,2026-08-06 12:58:07,,True,False
2026-08-06,Carlos Garfias Merlos,1042930,6,False,,,,,2026-08-06 20:17:36,,True,False
2026-08-06,Francesco Guccini,559529,15,True,2026-08-06 08:00:00,it,6,multi_language,2026-08-06 09:54:16,-1.0,True,True
2026-08-06,Giuseppe Marchioro,3770903,6,False,,,,,2026-08-06 20:26:43,,True,False
2026-08-06,Shimon Shelah,42017872,5,False,,,,,2026-08-07 14:20:02,,False,False
2026-08-06,Daniel Sivan,15137329,7,False,,,,,2026-08-07 14:37:39,,True,False
2026-08-07,Keiko Kishi,3098335,14,False,,,,,,,False,False
2026-08-07,Lucienne Stassaert,1978116,5,False,,,,,,,False,False
2026-08-08,John Crowley (author),736447,13,False,,,,,2026-08-09 22:42:50,,True,False
2026-08-08,Jorge Messi,41500870,8,False,,,,,2026-08-08 18:43:29,,True,False
2026-08-08,"Phil Parkes (footballer, born 1947)",6159756,6,False,,,,,2026-08-08 11:13:47,,False,False
2026-08-08,Xaysomphone Phomvihane,104918214,9,False,,,,,2026-08-08 16:58:44,,True,False
2026-08-08,Tania Verstak,1322267,5,False,,,,,,,False,False
2026-08-09,Reggie Bannister,3931716,9,False,,,,,2026-08-10 23:14:20,,True,False
2026-08-09,Livio Berruti,8318,20,True,2026-08-09 18:00:00,it,5,multi_language,2026-08-09 19:31:33,-1.0,True,True
2026-08-09,Giancarlo Ferretti,1389788,8,False,,,,,2026-08-09 22:30:11,,True,False
2026-08-09,Ben Jones (American actor and politician),506021,8,True,2026-08-10 00:00:00,en,4,multi_language,2026-08-09 21:31:26,3.0,True,False
2026-08-09,Don Nelson,375600,16,True,2026-08-09 17:00:00,en,10,multi_language,2026-08-09 17:39:38,0.0,True,True
2026-08-10,Borger Breeveld,1834461,5,False,,,,,,,True,False
2026-08-10,Armando Umberto Gianni,678817,8,False,,,,,,,False,False
2026-08-10,Vladimír Páral,1039358,7,False,,,,,2026-08-10 10:48:35,,True,False
2026-08-10,Jean-Paul Rostagni,710845,11,False,,,,,2026-08-10 18:37:27,,True,False
2026-08-11,Ward Churchill,707156,7,False,,,,,2026-08-12 02:46:58,,False,False
2026-08-11,John Irvin,1700561,12,False,,,,,,,False,False
2026-08-11,Alaksandar Milinkievič,347706,17,True,2026-08-11 08:00:00,ru,4,multi_language,2026-08-12 17:06:52,-33.0,True,False
2026-08-11,Silvia Monti,276361,8,True,2026-08-12 08:00:00,it,5,multi_language,2026-08-12 10:02:35,-2.0,True,True
2026-08-11,Darryl Neighbour,4568499,5,False,,,,,,,False,False
2026-08-12,Ahn Pan-seok,16078783,6,False,,,,,2026-08-12 10:38:16,,True,False
2026-08-12,Giles Chichester,953376,6,False,,,,,,,False,False
2026-08-12,Miroslav Koníček,6873972,10,False,,,,,,,False,False
2026-08-12,Takamitsu Ota,1092333,16,False,,,,,2026-08-12 14:55:27,,True,False
2026-08-12,Adolf Prokop,363613,9,True,2026-08-13 16:00:00,de,3,multi_language,2026-08-13 16:54:43,0.0,True,False
2026-08-12,Tulio Ramírez Padilla,2459463,6,False,,,,,2026-08-13 16:49:35,,False,False
2026-08-12,"Brian Smith (rugby, born 1966)",2925008,5,False,,,,,2026-08-12 05:41:28,,False,False
2026-08-12,Cordula Trantow,76384,8,False,,,,,,,False,False
2026-08-12,Jacques Wallage,447723,6,False,,,,,2026-08-13 16:20:09,,True,False
2026-08-12,Wang Xiji,9065276,5,True,2026-08-13 05:00:00,en,5,multi_language,2026-08-12 22:03:08,7.0,True,False
2026-08-12,Zhu Rongji,18285,28,True,2026-08-12 06:00:00,zh,8,multi_language,2026-08-12 10:25:32,-4.0,True,True
2026-08-13,Ruby Andrews,7376270,5,False,,,,,2026-08-14 04:22:18,,False,False
2026-08-13,Prichard Colón,21621066,15,True,2026-08-13 14:00:00,es,12,multi_language,2026-08-13 14:55:29,0.0,True,True
2026-08-13,Carlos Domingos Massoni,2340318,10,False,,,,,,,False,False
2026-08-13,Mark Rydell,953627,20,True,2026-08-14 16:00:00,en,4,multi_language,2026-08-14 18:09:16,-2.0,True,False
2026-08-13,Yukio Shimomura,1870823,24,False,,,,,,,False,False
2026-08-14,Jason Arday,107349023,16,True,2026-08-14 19:00:00,es,6,multi_language,2026-08-14 19:09:55,0.0,True,True
2026-08-14,Francis Campaner,3081341,5,False,,,,,,,True,False
2026-08-14,Heinz Cibulka,85821,5,False,,,,,,,False,False
2026-08-14,Yayoi Kusama,231121,27,False,,,,,,,False,False
2026-08-14,Dave Marsh,753476,9,False,,,,,2026-08-15 17:59:42,,False,False
2026-08-14,Örjan Ramberg,6062217,5,False,,,,,2026-08-15 13:33:28,,True,False
2026-08-14,Jimmy Rimmer,1370782,14,True,2026-08-14 07:00:00,en,3,multi_language,2026-08-14 08:56:30,-1.0,True,False
2026-08-14,Finlay Tarling,125999030,5,False,,,,,2026-08-14 16:26:44,,True,False
2026-08-15,Baek In-chun,623686,5,True,2026-08-14 21:00:00,ja,3,multi_language,2026-08-14 02:10:12,19.0,False,False
2026-08-15,Jan Frycz,55374,11,False,,,,,,,False,False
2026-08-15,Tommy John,3531327,8,True,2026-08-16 16:00:00,en,4,multi_language,2026-08-16 16:38:01,0.0,True,False
2026-08-15,Flavia Lattanzi,3746439,5,False,,,,,,,False,False
2026-08-15,Rufat Riskiyev,48768,13,True,2026-08-15 07:00:00,ru,4,multi_language,2026-08-15 20:20:15,-13.0,True,False
2026-08-15,Marcos Rodríguez Pantoja,9028721,6,False,,,,,,,False,False
2026-08-15,Peggy Webber,5479872,8,False,,,,,,,False,False
2026-08-16,Nick Glennie-Smith,1383645,9,False,,,,,,,False,False
2026-08-16,Hayden Panettiere,171571,29,True,2026-08-17 02:00:00,en,28,multi_language,2026-08-17 03:03:40,-1.0,True,True
2026-08-16,Rex A. Wade,7319124,5,False,,,,,,,False,False
2026-08-17,Mike Bailey (footballer),4357477,8,False,,,,,2026-08-17 20:34:56,,False,False
2026-08-17,Frank Beard (drummer),716243,18,True,2026-08-18 19:00:00,sv,13,multi_language,2026-08-18 18:59:25,1.0,True,True
2026-08-17,Laura Cardoso,3809945,10,True,2026-08-18 05:00:00,pt,5,multi_language,2026-08-18 08:22:41,-3.0,True,True
2026-08-17,Alex Fiorio,534433,12,True,2026-08-17 13:00:00,it,4,multi_language,2026-08-17 16:00:19,-3.0,True,False
2026-08-17,Harry van der Kamp,1586906,6,False,,,,,2026-08-18 11:47:20,,False,False
2026-08-17,Stanislas Lalanne,556336,6,False,,,,,,,True,False
2026-08-17,Johnny Schuth,2459990,12,False,,,,,,,True,False
2026-08-18,Cándido Cárdenas Villalba,1149793,5,False,,,,,,,False,False
2026-08-18,Vereslav Eingorn,2062580,8,False,,,,,2026-08-19 11:05:28,,True,False
2026-08-18,Vladek Lacina,7938214,13,False,,,,,,,False,False
2026-08-18,Fulvio Lucisano,1473871,8,True,2026-08-18 08:00:00,it,3,multi_language,2026-08-18 12:37:24,-4.0,True,False
2026-08-18,Eduardo Maglioni,5340675,6,True,2026-08-19 02:00:00,es,3,multi_language,2026-08-19 07:03:58,-5.0,True,False
2026-08-18,Glória Menezes,1754317,10,True,2026-08-18 15:00:00,pt,4,multi_language,2026-08-18 20:23:34,-5.0,True,False
2026-08-18,Robert Mouynet,2034901,14,False,,,,,2026-08-19 19:28:01,,True,False
2026-08-18,Yukio Ota,6007739,5,False,,,,,2026-08-19 08:48:20,,False,False
2026-08-18,Bill Rasmussen,2903327,7,False,,,,,2026-08-18 16:04:28,,True,False
2026-08-18,Yvette Roudy,3574055,10,True,2026-08-18 12:00:00,fr,3,multi_language,2026-08-18 12:46:32,0.0,True,False
2026-08-18,Vedrana Rudan,9368331,5,False,,,,,2026-08-18 14:11:57,,True,False
2026-08-18,Juan Tamariz,733621,8,True,2026-08-18 16:00:00,en,4,multi_language,2026-08-18 16:10:12,0.0,True,False
2026-08-18,Varenne,2522977,6,True,2026-08-18 11:00:00,it,5,multi_language,2026-08-18 15:32:28,-4.0,True,True
2026-08-18,Tamisuke Watanuki,2391659,6,False,,,,,,,False,False
2026-08-19,Bérangère Bonvoisin,2929961,5,False,,,,,2026-08-20 16:55:25,,True,False
2026-08-19,Thomas Freienstein,2423999,5,False,,,,,2026-08-20 17:26:45,,True,False
2026-08-19,Ray MacDonald,4923200,5,False,,,,,,,True,False
2026-08-19,François Patriat,3085525,5,False,,,,,,,True,False
2026-08-19,Lazar Radović,6541915,9,False,,,,,2026-08-20 17:35:27,,False,False
2026-08-19,Tsuri Sagi,12410867,5,False,,,,,2026-08-20 12:37:02,,False,False
2026-08-19,Michael Wright (actor),3308594,13,False,,,,,,,False,False
2026-08-20,Brent Carter,1904245,7,False,,,,,,,False,False
2026-08-20,Ileana Cotrubaș,240098,15,True,2026-08-20 12:00:00,en,4,multi_language,2026-08-20 14:34:20,-2.0,True,False
2026-08-20,Mostafa Derkaoui,24951746,5,False,,,,,2026-08-21 17:32:27,,True,False
2026-08-20,Terry Dyson,7704335,6,False,,,,,2026-08-20 17:02:19,,False,False
2026-08-20,Nancy Kissinger,6962785,8,True,2026-08-21 02:00:00,en,3,multi_language,,,True,False
2026-08-20,Louis Pelâtre,1871914,7,False,,,,,,,False,False
2026-08-20,Farit Zigangirov,3890537,9,False,,,,,,,False,False
2026-08-21,Matteo Fiorini,885363,10,False,,,,,2026-08-21 22:58:35,,True,False
2026-08-21,Nancy Kassebaum,458281,19,False,,,,,2026-08-22 04:48:11,,True,False
2026-08-21,José Maria Júnior,6293097,6,False,,,,,,,False,False
2026-08-21,Zdeněk Šesták,10857777,6,False,,,,,,,True,False
2026-08-21,Zolani Tete,17388822,11,True,2026-08-21 18:00:00,en,5,multi_language,2026-08-21 19:14:12,-1.0,True,True
2026-08-21,Frans Verbeeck (cyclist),984404,10,True,2026-08-21 12:00:00,nl,3,multi_language,2026-08-21 17:28:06,-5.0,True,False
2026-08-22,Shelley Fabares,456187,16,True,2026-08-23 20:00:00,en,6,single_language,2026-08-23 21:55:27,-1.0,True,False
2026-08-22,Siim Kallas,156469,23,True,2026-08-22 05:00:00,en,5,multi_language,2026-08-22 06:43:47,-1.0,True,True
2026-08-22,Latimore (musician),6496167,5,False,,,,,2026-08-23 01:39:47,,True,False
2026-08-22,"Bobby Ross (footballer, born 1942)",17308764,5,False,,,,,2026-08-22 13:01:59,,False,False
2026-08-22,Sabirzhan Ruziyev,3944324,11,False,,,,,2026-08-22 14:42:35,,False,False
2026-08-23,Tofig Bakikhanov,4075948,5,False,,,,,2026-08-23 21:44:22,,False,False
2026-08-23,Alcide Cerato,3608983,5,False,,,,,2026-08-23 13:24:15,,True,False
2026-08-23,Boris Ebzeyev,893767,5,False,,,,,,,True,False
2026-08-23,Noël Godin,285238,8,True,2026-08-24 11:00:00,fr,3,multi_language,2026-08-24 11:32:20,0.0,True,False
2026-08-23,Bun'yō Ishikawa,4997377,5,False,,,,,2026-08-23 05:47:57,,True,False
2026-08-23,Klaus-Michael Kühne,97739,11,True,2026-08-24 08:00:00,de,4,multi_language,2026-08-24 09:28:58,-1.0,True,False
2026-08-23,James Lew,6138026,5,False,,,,,2026-08-24 17:40:33,,False,False
2026-08-23,Januário Machaze Nhangumbe,1683087,6,False,,,,,,,False,False
2026-08-23,Ennio Mattarelli,2000970,12,True,2026-08-23 13:00:00,en,3,multi_language,2026-08-23 14:52:48,-1.0,True,False
2026-08-24,Ole Bjur,7085809,8,False,,,,,,,True,False
2026-08-24,Billy Boston,863024,6,False,,,,,2026-08-25 09:33:39,,True,False
2026-08-24,Chen Wu (politician),8292419,8,False,,,,,2026-08-24 15:09:18,,True,False
2026-08-24,Maurice Herriott,1722216,10,False,,,,,,,False,False
2026-08-24,Sliman Mansour,1808950,9,True,2026-08-24 18:00:00,en,3,multi_language,2026-08-24 18:18:48,0.0,True,False
2026-08-24,Jaye P. Morgan,963270,6,False,,,,,,,False,False
2026-08-24,Izuru Narushima,5359077,7,False,,,,,,,False,False
2026-08-24,Cletus Chandrasiri Perera,938421,5,False,,,,,,,False,False
2026-08-24,Hideki Shirakawa,110916,28,False,,,,,,,False,False
2026-08-25,Tim Curry,52392,27,True,2026-08-26 15:00:00,en,25,multi_language,2026-08-26 09:34:35,6.0,True,True
2026-08-25,Dolly Parton,180453,30,True,2026-08-25 17:00:00,en,29,multi_language,2026-08-25 17:57:30,0.0,True,True
2026-08-25,Zheng Fengrong,4515536,8,False,,,,,,,True,False
2026-08-26,Toyohiro Akiyama,285944,23,False,,,,,,,False,False
2026-08-26,Ole Andreasen,4992324,6,False,,,,,2026-08-27 17:33:41,,False,False
2026-08-26,Peter Cullen,910625,28,True,2026-08-27 09:00:00,en,16,multi_language,2026-08-27 14:23:46,-5.0,True,True
2026-08-26,Toshio Masuda (director),3177199,9,False,,,,,,,False,False
2026-08-26,Péter Nádas,336698,25,True,2026-08-26 09:00:00,hu,6,multi_language,2026-08-26 09:48:19,0.0,True,True
2026-08-26,Rubén Rada,974970,8,True,2026-08-26 19:00:00,es,4,multi_language,2026-08-26 20:58:17,-1.0,True,False
2026-08-27,Shigeko Kagawa,135512134,11,False,,,,,,,False,False
2026-08-27,Carla Marchelli,273762,7,False,,,,,2026-08-27 22:00:01,,True,False
2026-08-27,Ratko Mladić,93167,29,True,2026-08-27 12:00:00,sv,25,multi_language,2026-08-27 12:40:02,0.0,True,True
2026-08-27,Rukidi IV of Tooro,2736096,14,True,2026-08-28 01:00:00,en,5,multi_language,2026-08-27 15:36:50,10.0,True,False
2026-08-27,Mary Tsingou,6518533,12,False,,,,,,,False,False
2026-08-28,Harald V,57287,30,False,,,,,2026-08-27 15:07:56,,False,False
2026-08-28,Archibald MacKinnon,4786418,14,False,,,,,,,False,False
2026-08-28,Nicolae Ungureanu,1377702,15,True,2026-08-28 06:00:00,ro,4,multi_language,,,True,False
2026-08-29,Giacomo Aimoni,1522054,6,False,,,,,,,False,False
2026-08-29,Gene Bertoncini,1475703,5,False,,,,,,,False,False
2026-08-29,Antonino Fogliani,599220,5,True,2026-08-29 10:00:00,it,4,multi_language,2026-08-29 12:07:28,-2.0,True,False
2026-08-29,Franco Fontana,929382,10,True,2026-08-29 15:00:00,en,3,multi_language,2026-08-29 23:57:30,-8.0,True,False
2026-08-29,Richard E. Stearns,92822,19,False,,,,,,,False,False
2026-08-29,Walter Tresch,673426,7,False,,,,,,,False,False
2026-08-29,Mehdi Zana,1423181,7,True,2026-08-29 17:00:00,tr,3,multi_language,2026-08-29 18:18:57,-1.0,True,False
2026-08-30,Iván T. Berend,606311,9,True,2026-08-31 15:00:00,hu,3,multi_language,2026-08-31 14:07:26,1.0,True,False
2026-08-30,Oleksandr Kasyan,2062286,8,False,,,,,2026-08-31 19:54:36,,True,False
2026-08-30,Yoshimi Masaki,8056159,5,False,,,,,,,False,False
2026-08-30,Slobodan Šnajder,834044,7,False,,,,,2026-08-31 12:41:06,,True,False
2026-08-30,Elia Zenghelis,1658487,5,False,,,,,2026-08-31 19:52:34,,False,False
2026-08-31,Édouard Balladur,12959,26,True,2026-08-31 18:00:00,fr,7,multi_language,2026-08-31 18:45:06,0.0,True,True
2026-08-31,Paul Barth (judoka),7149252,12,False,,,,,,,False,False
2026-08-31,Wendell Berry,533505,15,False,,,,,2026-09-01 01:07:55,,True,False
2026-08-31,Elco Brinkman,3147680,6,True,2026-08-31 12:00:00,nl,3,multi_language,2026-08-31 13:12:53,-1.0,True,False
2026-08-31,Cornelius Cash,5171327,6,False,,,,,,,False,False
2026-08-31,Victor Miller (writer),7926158,7,False,,,,,,,False,False
2026-08-31,Bill Schmidt,862445,11,False,,,,,,,False,False
2026-08-31,Ada Yonath,7426,29,True,2026-08-31 15:00:00,he,6,multi_language,2026-08-31 16:02:21,-1.0,True,True
2026-08-31,Miguel Zavaleta,9032896,6,True,2026-08-31 15:00:00,es,3,multi_language,2026-08-31 19:58:10,-4.0,True,False
2026-08-31,IMDb,37312,30,False,,,,,,,False,False
2026-09-01,Abu Hudhayfah al-Ansari,123680300,6,False,,,,,2026-09-01 19:18:24,,True,False
2026-09-01,Enzo Bianchi,1130290,9,True,2026-09-01 09:00:00,it,3,multi_language,2026-09-02 13:42:49,-28.0,True,False
2026-09-01,Charles Hatcher (politician),1064383,6,False,,,,,,,False,False
2026-09-01,Charles Josselin,2959501,5,False,,,,,,,True,False
2026-09-01,"Alan Knight (footballer, born 1961)",2830533,9,False,,,,,2026-09-01 10:33:19,,True,False
2026-09-01,Yuri Nakamura,5358224,7,False,,,,,,,False,False
2026-09-01,Jean-Paul Rappeneau,709973,21,True,2026-09-02 08:00:00,fr,3,multi_language,2026-09-02 09:06:04,-1.0,True,False
2026-09-01,Eberhard Vogel,681184,18,True,2026-09-02 10:00:00,de,3,multi_language,2026-09-02 14:37:18,-4.0,True,False
2026-09-01,Cassandra Wilson,239860,21,True,2026-09-02 16:00:00,en,9,multi_language,2026-09-02 17:36:17,-1.0,True,True
2026-09-02,Chen Kuan-tai,5090823,10,True,2026-09-02 03:00:00,zh,3,multi_language,2026-09-02 04:40:37,-1.0,True,False
2026-09-02,Raif Dizdarević,1282352,21,True,2026-09-02 08:00:00,en,5,multi_language,2026-09-02 15:12:48,-7.0,True,True
2026-09-02,Tony Gatlif,127481,23,False,,,,,,,False,False
2026-09-02,Ivan Gudelj,912972,16,True,2026-09-02 10:00:00,en,5,multi_language,2026-09-02 13:13:50,-3.0,True,True
2026-09-02,Gloria Steinem,231178,27,True,2026-09-03 09:00:00,es,15,multi_language,2026-09-03 09:37:15,0.0,True,True
2026-09-02,Wilfried Wesemael,489116,9,False,,,,,,,False,False
2026-09-03,Győző Martos,509908,13,True,2026-09-03 15:00:00,hu,3,multi_language,,,True,False
2026-09-03,Fabio Mussi,385215,7,True,2026-09-03 08:00:00,it,3,multi_language,,,True,False
2026-09-03,Milan Ohnisko,314380,18,True,2026-09-04 05:00:00,pl,3,multi_language,2026-09-03 16:09:31,13.0,True,False
2026-09-04,Craig Douglas,1138532,6,False,,,,,,,False,False
2026-09-04,Constantin Floros,1127841,5,False,,,,,,,False,False
2026-09-04,Jorge Gallego,1155359,6,False,,,,,2026-09-04 19:54:51,,True,False
2026-09-04,Richard O'Sullivan,2150321,9,True,2026-09-04 09:00:00,en,5,multi_language,2026-09-04 09:51:30,0.0,True,True
2026-09-04,Pedro Rodríguez (theologian),7159910,5,False,,,,,2026-09-05 05:32:25,,False,False
2026-09-04,"Francis Grosvenor, 8th Earl of Wilton",22004678,5,False,,,,,2026-09-05 17:43:34,,False,False
2026-09-05,Robert Alexy,67156,12,False,,,,,,,False,False
2026-09-05,Otto Jelinek,1361397,10,False,,,,,,,False,False
2026-09-05,Serhat Kılıç,6098104,7,True,2026-09-05 15:00:00,tr,5,multi_language,2026-09-05 16:03:00,-1.0,True,True
2026-09-05,Erni Mangold,89861,13,True,2026-09-05 07:00:00,de,3,multi_language,2026-09-05 09:22:04,-2.0,True,False
2026-09-05,Michael Mendl,89032,14,True,2026-09-05 05:00:00,de,3,multi_language,2026-09-05 09:48:26,-4.0,True,False
2026-09-05,Robin Morgan,450796,16,True,2026-09-06 01:00:00,en,4,multi_language,2026-09-05 17:08:16,8.0,True,False
2026-09-05,Czech nobility,2659229,6,False,,,,,,,False,False
2026-09-05,Klaus Wanger,364154,6,False,,,,,,,False,False
2026-09-05,Andy Williams (guitarist),104821318,5,True,2026-09-06 22:00:00,en,3,single_language,2026-09-06 03:38:50,19.0,True,False
2026-09-06,Bill Dundee,2476352,6,False,,,,,2026-09-06 10:50:17,,False,False
2026-09-06,Edward Field (poet),5342890,5,False,,,,,2026-09-07 02:04:24,,True,False
2026-09-07,Admire Moon,4683798,5,False,,,,,2026-09-07 04:51:26,,True,False
2026-09-07,Joseph Arnaouti,1538270,5,False,,,,,,,False,False
2026-09-07,Galina Mishenina,5518673,9,False,,,,,,,False,False
2026-09-07,Eric Pearce (field hockey),5387259,10,False,,,,,2026-09-08 18:04:48,,False,False
2026-09-07,Rihards Pīks,1346602,9,True,2026-09-07 08:00:00,en,3,multi_language,2026-09-07 17:18:32,-9.0,True,False
2026-09-07,David Worth (filmmaker),1177260,10,False,,,,,,,False,False
2026-09-08,Harry Burrows,5667642,7,False,,,,,2026-09-09 12:15:48,,False,False
2026-09-08,Ismael Laguna,2394608,8,False,,,,,2026-09-08 21:11:46,,True,False
2026-09-08,Vlasta Maček,9369035,5,False,,,,,2026-09-08 15:33:31,,False,False
2026-09-08,André Pronovost,4760040,6,False,,,,,2026-09-08 21:53:32,,True,False
2026-09-08,Tung Chee-hwa,15027,21,True,2026-09-08 16:00:00,zh,3,multi_language,2026-09-08 16:53:27,0.0,True,False
2026-09-08,Pierfranco Vianelli,692421,16,False,,,,,2026-09-09 08:39:39,,True,False
2026-09-09,Aleksey Borovitin,983124,9,False,,,,,,,False,False
2026-09-09,Andrzej Elżanowski,3496331,5,False,,,,,2026-09-10 19:05:31,,False,False
2026-09-09,Isao Harimoto,482958,6,True,2026-09-10 00:00:00,ja,4,single_language,2026-09-10 00:42:37,0.0,True,False
2026-09-09,Paddy Keenan,570437,5,True,2026-09-10 08:00:00,en,3,multi_language,2026-09-09 18:51:44,14.0,True,False
2026-09-09,Arvo Kruusement,4802522,8,True,2026-09-10 16:00:00,en,3,multi_language,2026-09-10 16:31:18,0.0,True,False
2026-09-09,Giorgos Mazonakis,1383970,12,True,2026-09-09 14:00:00,el,7,multi_language,2026-09-09 16:58:52,-2.0,True,True
2026-09-09,Alexander Sharovsky,4520684,5,True,2026-09-09 06:00:00,ru,3,multi_language,,,True,False
2026-09-10,Malcolm Dawes,6742268,5,False,,,,,2026-09-10 22:31:57,,False,False
2026-09-10,Penny Gillies,22667649,5,False,,,,,2026-09-11 14:07:13,,False,False
2026-09-10,Khalid Mahmood (field hockey),6399539,8,False,,,,,2026-09-11 01:10:01,,False,False
2026-09-10,Ajazdin Nuhi,974224,5,False,,,,,2026-09-10 21:21:39,,True,False
2026-09-10,Josep María Trías de Bes,2883132,5,False,,,,,,,False,False
2026-09-11,"Princess Astrid, Mrs. Ferner",270685,24,True,2026-09-11 12:00:00,fi,18,multi_language,2026-09-11 12:53:36,0.0,True,True
2026-09-11,Emma Bonino,50002,25,True,2026-09-11 07:00:00,it,6,multi_language,2026-09-11 22:59:32,-15.0,True,True
2026-09-11,Raffaele Costa,1055575,6,False,,,,,2026-09-11 11:56:19,,True,False
2026-09-11,Bruce M. Davis,17286533,7,False,,,,,,,False,False
2026-09-11,Robert E. Dickinson,1390842,6,False,,,,,,,False,False
2026-09-11,Anthony Page,573730,6,False,,,,,,,False,False
2026-09-11,Brent Peterson,2924488,5,False,,,,,2026-09-11 17:41:05,,True,False
2026-09-11,Jeremy Thomas,1365966,11,True,2026-09-12 12:00:00,en,4,multi_language,2026-09-12 14:49:44,-2.0,True,False
2026-09-12,George Chuvalo,1353970,13,True,2026-09-13 07:00:00,en,3,single_language,,,True,False
2026-09-12,Sérgio Toledo Machado,2424426,9,False,,,,,2026-09-12 19:14:32,,True,False
2026-09-12,Hidetoshi Nakanishi,5752736,7,False,,,,,2026-09-13 19:35:32,,False,False
2026-09-12,Nikolay Noev,7036306,5,False,,,,,2026-09-12 11:08:51,,True,False
2026-09-13,Ian Berry (photojournalist),1244211,5,False,,,,,,,False,False
2026-09-13,René Bianchi (cyclist),3425850,12,False,,,,,,,False,False
2026-09-13,Cheetah Chrome,2756486,8,False,,,,,2026-09-13 20:13:24,,True,False
2026-09-13,Chung Ho-yong,625843,8,False,,,,,,,True,False
2026-09-13,Anton Grunis,141470171,5,False,,,,,,,False,False
2026-09-14,Dory Chamoun,1250858,7,False,,,,,2026-09-14 16:38:23,,True,False
2026-09-14,Ken Laufman,1738627,10,False,,,,,2026-09-15 16:40:28,,False,False
2026-09-14,Bob Mackie,3435802,11,True,2026-09-14 15:00:00,en,5,single_language,2026-09-14 15:48:03,0.0,True,False
2026-09-14,Peter Max,215805,12,False,,,,,,,False,False
2026-09-14,Luděk Mikloško,1341070,17,True,2026-09-14 06:00:00,cs,4,multi_language,2026-09-14 07:45:51,-1.0,True,False
2026-09-14,Gianfranco Pieri,3763134,7,False,,,,,2026-09-15 19:17:33,,True,False
2026-09-14,Catherine Ringer,449077,10,True,2026-09-15 10:00:00,fr,6,multi_language,2026-09-15 19:21:27,-9.0,True,True
2026-09-15,Ahmed Ammi,401147,9,True,2026-09-16 02:00:00,en,3,multi_language,2026-09-16 04:26:28,-2.0,True,False
2026-09-15,Marcus Andersson,2563019,8,False,,,,,,,False,False
2026-09-15,Ivano-Frankivsk,156726,29,False,,,,,,,False,False
2026-09-15,Tanella Boni,637396,11,False,,,,,,,False,False
2026-09-15,Flora Brovina,5460279,15,True,2026-09-15 09:00:00,en,3,multi_language,2026-09-15 09:16:40,0.0,True,False
2026-09-15,Annie Dillard,176558,15,True,2026-09-16 15:00:00,en,3,multi_language,2026-09-16 14:10:58,1.0,True,False
2026-09-15,Ronnie Dove,2165998,5,True,2026-09-16 15:00:00,en,3,multi_language,2026-09-15 19:38:21,20.0,True,False
2026-09-15,Griselda Gambaro,468838,8,True,2026-09-16 02:00:00,es,3,multi_language,2026-09-16 03:10:25,-1.0,True,False
2026-09-15,Gerrit Graham,1354875,16,False,,,,,,,False,False
2026-09-15,Bonnie Greer,4942349,6,False,,,,,2026-09-16 12:43:37,,False,False
2026-09-15,Berlin,64,30,False,,,,,,,False,False
2026-09-15,Patricio Guzmán,2057315,15,True,2026-09-15 15:00:00,es,3,multi_language,2026-09-15 18:47:12,-3.0,True,False
2026-09-15,Vitantonio Lovallo,138498257,6,True,2026-09-16 08:00:00,it,3,multi_language,2026-09-16 16:08:13,-8.0,True,False
2026-09-15,Peter Nieuwenhuis,1866070,7,False,,,,,,,False,False
2026-09-15,Ralf Richter,90041,8,False,,,,,2026-09-15 15:41:15,,True,False
2026-09-15,Ben Saunders (singer),301600,5,True,2026-09-15 12:00:00,nl,3,multi_language,2026-09-15 13:03:19,-1.0,True,False
2026-09-15,Brian Wolfe,2925039,5,True,2026-09-16 15:00:00,ja,3,multi_language,2026-09-16 18:35:20,-3.0,True,False
2026-09-16,Hans Andersson-Tvilling,1255250,7,False,,,,,2026-09-17 08:47:56,,True,False
2026-09-16,Aragon,4040,30,False,,,,,,,False,False
2026-09-16,"Henrique (footballer, born 1977)",6526005,5,False,,,,,2026-09-16 18:54:27,,True,False
2026-09-16,Olu Jacobs,7088788,6,False,,,,,2026-09-16 09:16:49,,True,False
2026-09-16,Yame,850492,21,False,,,,,,,False,False
2026-09-16,Ginger Molloy,5563052,5,False,,,,,2026-09-17 15:03:34,,False,False
2026-09-16,Esterina Tartman,528225,8,True,2026-09-16 09:00:00,he,3,multi_language,2026-09-16 11:55:19,-2.0,True,False
2026-09-17,Ludmila Javorová,3178391,8,True,2026-09-17 10:00:00,en,3,multi_language,2026-09-17 10:28:11,0.0,True,False
2026-09-17,Jon Kyl,371031,20,False,,,,,2026-09-17 14:38:46,,True,False
2026-09-17,Duncan Sheik,1265451,12,True,2026-09-18 14:00:00,en,4,multi_language,2026-09-18 14:30:00,0.0,True,False
2026-09-17,Wesley Shermantine,7575477,5,False,,,,,2026-09-18 19:25:42,,False,False
2026-09-17,Sway (British musician),2372231,5,True,2026-09-18 07:00:00,en,3,multi_language,2026-09-17 14:44:50,17.0,True,False
2026-09-17,Michael Sweetney,2464807,10,True,2026-09-18 02:00:00,en,5,multi_language,2026-09-17 18:23:18,8.0,True,True
2026-09-17,Sergei Tchepikov,550670,17,True,2026-09-17 14:00:00,ru,4,multi_language,2026-09-17 19:33:25,-5.0,True,False
2026-09-17,Gülsen Tuncer,6103469,5,True,2026-09-18 09:00:00,tr,4,multi_language,,,True,False
2026-09-18,Mike Burton (swimmer),640504,20,False,,,,,,,False,False
2026-09-18,Margaret Chant-Papandreou,12880750,5,False,,,,,2026-09-18 09:36:39,,True,False
2026-09-18,Stephanie Cole,2831958,9,False,,,,,2026-09-18 15:19:17,,True,False
2026-09-18,Hans Grodotzki,64729,16,False,,,,,,,False,False
2026-09-18,Richard Harrison (actor),2007551,13,False,,,,,,,False,False
2026-09-18,Sō Kuramoto,11386799,5,False,,,,,,,False,False
2026-09-18,Vissarion Stretovych,4112238,5,False,,,,,,,False,False
2026-09-18,Eugenio Zanetti,1373348,9,True,2026-09-19 03:00:00,es,3,multi_language,2026-09-19 03:57:30,0.0,True,False
2026-09-19,Arthur Asa Berger,18071587,6,False,,,,,,,False,False
2026-09-19,"Willie Callaghan (footballer, born 1943)",8021409,5,False,,,,,,,False,False
2026-09-19,Elliot Graham,1332248,10,False,,,,,,,False,False
2026-09-19,Peter Hermann (footballer),874301,7,False,,,,,2026-09-19 19:01:56,,True,False
2026-09-19,Sandro Mazzola,314856,27,True,2026-09-18 22:00:00,it,11,multi_language,2026-09-18 23:02:07,-1.0,True,True
2026-09-19,Nico Perrone,1454956,7,False,,,,,,,False,False
2026-09-19,Nathaniel Waena,704017,13,False,,,,,,,True,False
2026-09-20,Margit Carlqvist,4352359,6,False,,,,,,,False,False
2026-09-20,Chad Gilbert,2630791,9,True,2026-09-20 17:00:00,en,6,multi_language,2026-09-20 17:58:21,0.0,True,True
2026-09-20,Neil Henderson,787667,18,False,,,,,,,False,False
2026-09-20,Belarusfilm,2621941,15,False,,,,,,,False,False
2026-09-20,Milton Viera,965046,16,False,,,,,2026-09-21 08:55:08,,True,False
2026-09-21,Carlos Alonso,2939293,5,True,2026-09-21 11:00:00,es,3,multi_language,2026-09-21 13:40:20,-2.0,True,False
2026-09-21,Angry Anderson,543548,9,False,,,,,,,False,False
2026-09-21,Sergio Carpanesi,677729,6,False,,,,,2026-09-21 19:57:15,,True,False
2026-09-21,Terry Denton,7704294,5,False,,,,,2026-09-22 06:40:13,,False,False
2026-09-21,Dadeus Grings,973030,7,False,,,,,2026-09-21 20:26:29,,True,False
2026-09-21,Fatma Karume (First Lady),318310,19,False,,,,,,,False,False
2026-09-21,muezzin,239718,27,False,,,,,,,False,False
2026-09-21,Jorge Palma,1703902,10,True,2026-09-22 02:00:00,pt,4,multi_language,2026-09-21 23:56:46,3.0,True,False
2026-09-21,Mousa Shubairi Zanjani,6925992,6,True,2026-09-20 17:00:00,fa,4,multi_language,2026-09-20 21:30:56,-4.0,True,False
2026-09-22,George N. Gillett Jr.,738449,10,False,,,,,2026-09-23 20:00:14,,True,False
2026-09-22,Lucien Lazare,3265599,6,False,,,,,,,True,False
2026-09-23,Maurice de Germiny,1223382,5,False,,,,,2026-09-24 14:22:53,,True,False
2026-09-23,Bob Pettit,368561,21,True,2026-09-24 21:00:00,en,5,multi_language,2026-09-24 21:21:32,0.0,True,False
2026-09-23,Islamic Revolutionary Guard Corps,271110,29,False,,,,,,,False,False
2026-09-24,Ricardo Centellas,1470383,7,False,,,,,,,False,False
2026-09-24,Peter Nogly,657207,15,True,2026-09-25 09:00:00,de,3,multi_language,2026-09-25 04:21:32,5.0,True,False
2026-09-24,Milan Panić,1934319,12,False,,,,,2026-09-25 19:53:04,,True,False
2026-09-24,House of Councillors,548911,23,False,,,,,,,False,False
2026-09-24,Marina Vlady,240896,23,True,2026-09-24 16:00:00,fr,12,multi_language,2026-09-24 17:39:44,-1.0,True,True
2026-09-25,Cuéntame cómo pasó,1146803,9,False,,,,,,,False,False
2026-09-25,André Guy,519425,13,False,,,,,2026-09-25 14:44:22,,True,False
2026-09-25,Aleksei Kozlov (musician),2547071,6,False,,,,,,,True,False
2026-09-25,Bruno Kramm,896835,5,True,2026-09-26 11:00:00,de,4,multi_language,2026-09-26 01:52:37,10.0,True,False
2026-09-25,Ryszard Lenczewski,2178307,8,False,,,,,,,False,False
2026-09-25,Liu Huan,461415,14,True,2026-09-26 02:00:00,zh,4,multi_language,2026-09-26 02:13:36,0.0,True,False
2026-09-25,Peter May (writer),1743290,10,False,,,,,,,False,False
2026-09-25,Russian Orthodox Church,60995,30,False,,,,,,,False,False
2026-09-25,Sidya Touré,324899,11,False,,,,,2026-09-26 10:19:54,,True,False
2026-09-25,Chuck Varga,507863,15,False,,,,,,,False,False
2026-09-25,Rini Wagtmans,1823653,9,True,2026-09-25 09:00:00,nl,4,multi_language,2026-09-25 10:55:58,-1.0,True,False
2026-09-26,Janine Boissard,3161988,5,False,,,,,,,False,False
2026-09-26,Pedro Antônio Marchetti Fedalto,1708718,7,False,,,,,,,False,False
2026-09-26,Bruno Musarò,800042,12,False,,,,,2026-09-26 10:41:41,,False,False
2026-09-26,Triana (band),598585,7,False,,,,,,,True,False
2026-09-27,Ludwig Gössing,1716873,10,True,2026-09-27 11:00:00,en,3,multi_language,2026-09-27 13:42:19,-2.0,True,False
2026-09-27,Dennis Haskins,741473,9,False,,,,,,,False,False
2026-09-27,Mighty Sparrow,205876,6,True,2026-09-28 09:00:00,en,3,multi_language,2026-09-27 20:09:05,13.0,True,False
2026-09-27,Pac (wrestler),2896228,24,True,2026-09-28 01:00:00,es,10,multi_language,2026-09-27 00:36:25,25.0,True,True
2026-09-27,Robert Rivas (bishop),2158625,6,False,,,,,2026-09-27 22:23:23,,False,False
2026-09-27,Bernard Verley,2898716,6,False,,,,,,,True,False
2026-09-28,Siti Hasmah Mohamad Ali,7531880,14,True,2026-09-28 01:00:00,en,4,multi_language,2026-09-28 02:54:34,-1.0,True,False
2026-09-28,Ali Bendayan,57585974,5,False,,,,,,,True,False
2026-09-28,Kathy Cornelius,4988192,5,False,,,,,,,False,False
2026-09-28,Teodoro Gómez,101603208,6,False,,,,,2026-09-29 20:17:16,,False,False
2026-09-28,Gordon Johncock,302098,9,False,,,,,2026-09-29 00:32:48,,True,False
2026-09-28,Seela Sella,5474627,5,True,2026-09-28 09:00:00,fi,3,multi_language,2026-09-28 10:33:44,-1.0,True,False
2026-09-29,Jalal Abdul-Rahman,65046383,5,False,,,,,2026-09-29 01:04:42,,False,False
2026-09-29,Şükrü Ersoy,390711,13,True,2026-09-30 05:00:00,en,3,multi_language,2026-09-30 05:06:36,0.0,True,False
2026-09-29,Julián García Vargas,3189890,8,True,2026-09-29 07:00:00,es,3,multi_language,2026-09-30 00:02:50,-17.0,True,False
2026-09-29,Ionel Haiduc,830786,5,False,,,,,2026-09-29 08:58:25,,True,False
2026-09-29,Conrad Lant,717901,15,False,,,,,,,False,False
2026-09-29,Senate of Argentina,2118303,20,False,,,,,,,False,False
2026-09-29,RI Okna Berani Zlín,572937,10,False,,,,,,,False,False
2026-09-29,Amos Rapoport,4747944,5,False,,,,,,,False,False
2026-09-29,Otto Sirgo,3290592,7,False,,,,,2026-09-29 21:36:51,,True,False
2026-09-29,Gonzalo Suárez,1986050,9,True,2026-09-29 15:00:00,es,3,multi_language,2026-09-29 16:59:44,-1.0,True,False
2026-09-30,Jerry Golod,1759140,9,False,,,,,,,False,False
2026-09-30,Margaret Hamilton (software engineer),11628,28,False,,,,,,,False,False
2026-09-30,Andrea Kdolsky,113617,5,False,,,,,2026-10-01 18:35:56,,True,False
2026-09-30,Esther Rantzen,2513293,6,True,2026-09-30 17:00:00,en,3,single_language,2026-09-30 17:59:20,0.0,True,False
2026-09-30,Pat Saiki,458473,9,False,,,,,2026-10-01 00:02:54,,True,False
2026-09-30,Gabriel Serville,3093959,6,False,,,,,2026-10-01 05:07:07,,True,False
2026-09-30,IMDb,37312,30,False,,,,,,,False,False
