hour_start_utc,entity,qid,lang,title,views,baseline_prev_day,ratio,spike
2026-08-10 00:00,2026 Colombia earthquake,Q140984463,en,2026 Colombia earthquake,0,0,,0
2026-08-10 01:00,2026 Colombia earthquake,Q140984463,en,2026 Colombia earthquake,0,0,,0
2026-08-10 02:00,2026 Colombia earthquake,Q140984463,en,2026 Colombia earthquake,0,0,,0
2026-08-10 03:00,2026 Colombia earthquake,Q140984463,en,2026 Colombia earthquake,0,0,,0
2026-08-10 04:00,2026 Colombia earthquake,Q140984463,en,2026 Colombia earthquake,0,0,,0
2026-08-10 05:00,2026 Colombia earthquake,Q140984463,en,2026 Colombia earthquake,0,0,,0
2026-08-10 06:00,2026 Colombia earthquake,Q140984463,en,2026 Colombia earthquake,0,0,,0
2026-08-10 07:00,2026 Colombia earthquake,Q140984463,en,2026 Colombia earthquake,0,0,,0
2026-08-10 08:00,2026 Colombia earthquake,Q140984463,en,2026 Colombia earthquake,0,0,,0
2026-08-10 09:00,2026 Colombia earthquake,Q140984463,en,2026 Colombia earthquake,0,0,,0
2026-08-10 10:00,2026 Colombia earthquake,Q140984463,en,2026 Colombia earthquake,0,0,,0
2026-08-10 11:00,2026 Colombia earthquake,Q140984463,en,2026 Colombia earthquake,0,0,,0
2026-08-10 12:00,2026 Colombia earthquake,Q140984463,en,2026 Colombia earthquake,19,0,,0
2026-08-10 13:00,2026 Colombia earthquake,Q140984463,en,2026 Colombia earthquake,855,0,,1
2026-08-10 14:00,2026 Colombia earthquake,Q140984463,en,2026 Colombia earthquake,1713,0,,1
2026-08-10 15:00,2026 Colombia earthquake,Q140984463,en,2026 Colombia earthquake,2328,0,,1
2026-08-10 16:00,2026 Colombia earthquake,Q140984463,en,2026 Colombia earthquake,2742,0,,1
2026-08-10 17:00,2026 Colombia earthquake,Q140984463,en,2026 Colombia earthquake,2996,0,,1
2026-08-10 18:00,2026 Colombia earthquake,Q140984463,en,2026 Colombia earthquake,2814,0,,1
2026-08-10 19:00,2026 Colombia earthquake,Q140984463,en,2026 Colombia earthquake,2851,0,,1
2026-08-10 20:00,2026 Colombia earthquake,Q140984463,en,2026 Colombia earthquake,2604,0,,1
2026-08-10 21:00,2026 Colombia earthquake,Q140984463,en,2026 Colombia earthquake,2563,0,,1
2026-08-10 22:00,2026 Colombia earthquake,Q140984463,en,2026 Colombia earthquake,2359,0,,1
2026-08-10 23:00,2026 Colombia earthquake,Q140984463,en,2026 Colombia earthquake,2205,0,,1
2026-08-10 00:00,2026 Colombia earthquake,Q140984463,es,Terremoto de Colombia de 2026,0,0,,0
2026-08-10 01:00,2026 Colombia earthquake,Q140984463,es,Terremoto de Colombia de 2026,0,0,,0
2026-08-10 02:00,2026 Colombia earthquake,Q140984463,es,Terremoto de Colombia de 2026,0,0,,0
2026-08-10 03:00,2026 Colombia earthquake,Q140984463,es,Terremoto de Colombia de 2026,0,0,,0
2026-08-10 04:00,2026 Colombia earthquake,Q140984463,es,Terremoto de Colombia de 2026,0,0,,0
2026-08-10 05:00,2026 Colombia earthquake,Q140984463,es,Terremoto de Colombia de 2026,0,0,,0
2026-08-10 06:00,2026 Colombia earthquake,Q140984463,es,Terremoto de Colombia de 2026,0,0,,0
2026-08-10 07:00,2026 Colombia earthquake,Q140984463,es,Terremoto de Colombia de 2026,0,0,,0
2026-08-10 08:00,2026 Colombia earthquake,Q140984463,es,Terremoto de Colombia de 2026,0,0,,0
2026-08-10 09:00,2026 Colombia earthquake,Q140984463,es,Terremoto de Colombia de 2026,0,0,,0
2026-08-10 10:00,2026 Colombia earthquake,Q140984463,es,Terremoto de Colombia de 2026,0,0,,0
2026-08-10 11:00,2026 Colombia earthquake,Q140984463,es,Terremoto de Colombia de 2026,0,0,,0
2026-08-10 12:00,2026 Colombia earthquake,Q140984463,es,Terremoto de Colombia de 2026,0,0,,0
2026-08-10 13:00,2026 Colombia earthquake,Q140984463,es,Terremoto de Colombia de 2026,396,0,,1
2026-08-10 14:00,2026 Colombia earthquake,Q140984463,es,Terremoto de Colombia de 2026,1075,0,,1
2026-08-10 15:00,2026 Colombia earthquake,Q140984463,es,Terremoto de Colombia de 2026,1281,0,,1
2026-08-10 16:00,2026 Colombia earthquake,Q140984463,es,Terremoto de Colombia de 2026,1661,0,,1
2026-08-10 17:00,2026 Colombia earthquake,Q140984463,es,Terremoto de Colombia de 2026,1982,0,,1
2026-08-10 18:00,2026 Colombia earthquake,Q140984463,es,Terremoto de Colombia de 2026,2136,0,,1
2026-08-10 19:00,2026 Colombia earthquake,Q140984463,es,Terremoto de Colombia de 2026,1979,0,,1
2026-08-10 20:00,2026 Colombia earthquake,Q140984463,es,Terremoto de Colombia de 2026,2271,0,,1
2026-08-10 21:00,2026 Colombia earthquake,Q140984463,es,Terremoto de Colombia de 2026,2002,0,,1
2026-08-10 22:00,2026 Colombia earthquake,Q140984463,es,Terremoto de Colombia de 2026,1688,0,,1
2026-08-10 23:00,2026 Colombia earthquake,Q140984463,es,Terremoto de Colombia de 2026,1651,0,,1
2026-08-10 00:00,2026 Colombia earthquake,Q140984463,fr,Séisme de 2026 en Colombie,0,0,,0
2026-08-10 01:00,2026 Colombia earthquake,Q140984463,fr,Séisme de 2026 en Colombie,0,0,,0
2026-08-10 02:00,2026 Colombia earthquake,Q140984463,fr,Séisme de 2026 en Colombie,0,0,,0
2026-08-10 03:00,2026 Colombia earthquake,Q140984463,fr,Séisme de 2026 en Colombie,0,0,,0
2026-08-10 04:00,2026 Colombia earthquake,Q140984463,fr,Séisme de 2026 en Colombie,0,0,,0
2026-08-10 05:00,2026 Colombia earthquake,Q140984463,fr,Séisme de 2026 en Colombie,0,0,,0
2026-08-10 06:00,2026 Colombia earthquake,Q140984463,fr,Séisme de 2026 en Colombie,0,0,,0
2026-08-10 07:00,2026 Colombia earthquake,Q140984463,fr,Séisme de 2026 en Colombie,0,0,,0
2026-08-10 08:00,2026 Colombia earthquake,Q140984463,fr,Séisme de 2026 en Colombie,0,0,,0
2026-08-10 09:00,2026 Colombia earthquake,Q140984463,fr,Séisme de 2026 en Colombie,0,0,,0
2026-08-10 10:00,2026 Colombia earthquake,Q140984463,fr,Séisme de 2026 en Colombie,0,0,,0
2026-08-10 11:00,2026 Colombia earthquake,Q140984463,fr,Séisme de 2026 en Colombie,0,0,,0
2026-08-10 12:00,2026 Colombia earthquake,Q140984463,fr,Séisme de 2026 en Colombie,0,0,,0
2026-08-10 13:00,2026 Colombia earthquake,Q140984463,fr,Séisme de 2026 en Colombie,0,0,,0
2026-08-10 14:00,2026 Colombia earthquake,Q140984463,fr,Séisme de 2026 en Colombie,0,0,,0
2026-08-10 15:00,2026 Colombia earthquake,Q140984463,fr,Séisme de 2026 en Colombie,0,0,,0
2026-08-10 16:00,2026 Colombia earthquake,Q140984463,fr,Séisme de 2026 en Colombie,0,0,,0
2026-08-10 17:00,2026 Colombia earthquake,Q140984463,fr,Séisme de 2026 en Colombie,0,0,,0
2026-08-10 18:00,2026 Colombia earthquake,Q140984463,fr,Séisme de 2026 en Colombie,0,0,,0
2026-08-10 19:00,2026 Colombia earthquake,Q140984463,fr,Séisme de 2026 en Colombie,0,0,,0
2026-08-10 20:00,2026 Colombia earthquake,Q140984463,fr,Séisme de 2026 en Colombie,17,0,,0
2026-08-10 21:00,2026 Colombia earthquake,Q140984463,fr,Séisme de 2026 en Colombie,32,0,,1
2026-08-10 22:00,2026 Colombia earthquake,Q140984463,fr,Séisme de 2026 en Colombie,23,0,,1
2026-08-10 23:00,2026 Colombia earthquake,Q140984463,fr,Séisme de 2026 en Colombie,13,0,,0
2026-08-10 00:00,2026 Colombia earthquake,Q140984463,de,Erdbeben in Kolumbien 2026,0,0,,0
2026-08-10 01:00,2026 Colombia earthquake,Q140984463,de,Erdbeben in Kolumbien 2026,0,0,,0
2026-08-10 02:00,2026 Colombia earthquake,Q140984463,de,Erdbeben in Kolumbien 2026,0,0,,0
2026-08-10 03:00,2026 Colombia earthquake,Q140984463,de,Erdbeben in Kolumbien 2026,0,0,,0
2026-08-10 04:00,2026 Colombia earthquake,Q140984463,de,Erdbeben in Kolumbien 2026,0,0,,0
2026-08-10 05:00,2026 Colombia earthquake,Q140984463,de,Erdbeben in Kolumbien 2026,0,0,,0
2026-08-10 06:00,2026 Colombia earthquake,Q140984463,de,Erdbeben in Kolumbien 2026,0,0,,0
2026-08-10 07:00,2026 Colombia earthquake,Q140984463,de,Erdbeben in Kolumbien 2026,0,0,,0
2026-08-10 08:00,2026 Colombia earthquake,Q140984463,de,Erdbeben in Kolumbien 2026,0,0,,0
2026-08-10 09:00,2026 Colombia earthquake,Q140984463,de,Erdbeben in Kolumbien 2026,0,0,,0
2026-08-10 10:00,2026 Colombia earthquake,Q140984463,de,Erdbeben in Kolumbien 2026,0,0,,0
2026-08-10 11:00,2026 Colombia earthquake,Q140984463,de,Erdbeben in Kolumbien 2026,0,0,,0
2026-08-10 12:00,2026 Colombia earthquake,Q140984463,de,Erdbeben in Kolumbien 2026,0,0,,0
2026-08-10 13:00,2026 Colombia earthquake,Q140984463,de,Erdbeben in Kolumbien 2026,0,0,,0
2026-08-10 14:00,2026 Colombia earthquake,Q140984463,de,Erdbeben in Kolumbien 2026,0,0,,0
2026-08-10 15:00,2026 Colombia earthquake,Q140984463,de,Erdbeben in Kolumbien 2026,0,0,,0
2026-08-10 16:00,2026 Colombia earthquake,Q140984463,de,Erdbeben in Kolumbien 2026,0,0,,0
2026-08-10 17:00,2026 Colombia earthquake,Q140984463,de,Erdbeben in Kolumbien 2026,0,0,,0
2026-08-10 18:00,2026 Colombia earthquake,Q140984463,de,Erdbeben in Kolumbien 2026,0,0,,0
2026-08-10 19:00,2026 Colombia earthquake,Q140984463,de,Erdbeben in Kolumbien 2026,0,0,,0
2026-08-10 20:00,2026 Colombia earthquake,Q140984463,de,Erdbeben in Kolumbien 2026,0,0,,0
2026-08-10 21:00,2026 Colombia earthquake,Q140984463,de,Erdbeben in Kolumbien 2026,0,0,,0
2026-08-10 22:00,2026 Colombia earthquake,Q140984463,de,Erdbeben in Kolumbien 2026,0,0,,0
2026-08-10 23:00,2026 Colombia earthquake,Q140984463,de,Erdbeben in Kolumbien 2026,0,0,,0
2026-08-10 00:00,2026 Colombia earthquake,Q140984463,pt,Sismo na Colômbia em 2026,0,0,,0
2026-08-10 01:00,2026 Colombia earthquake,Q140984463,pt,Sismo na Colômbia em 2026,0,0,,0
2026-08-10 02:00,2026 Colombia earthquake,Q140984463,pt,Sismo na Colômbia em 2026,0,0,,0
2026-08-10 03:00,2026 Colombia earthquake,Q140984463,pt,Sismo na Colômbia em 2026,0,0,,0
2026-08-10 04:00,2026 Colombia earthquake,Q140984463,pt,Sismo na Colômbia em 2026,0,0,,0
2026-08-10 05:00,2026 Colombia earthquake,Q140984463,pt,Sismo na Colômbia em 2026,0,0,,0
2026-08-10 06:00,2026 Colombia earthquake,Q140984463,pt,Sismo na Colômbia em 2026,0,0,,0
2026-08-10 07:00,2026 Colombia earthquake,Q140984463,pt,Sismo na Colômbia em 2026,0,0,,0
2026-08-10 08:00,2026 Colombia earthquake,Q140984463,pt,Sismo na Colômbia em 2026,0,0,,0
2026-08-10 09:00,2026 Colombia earthquake,Q140984463,pt,Sismo na Colômbia em 2026,0,0,,0
2026-08-10 10:00,2026 Colombia earthquake,Q140984463,pt,Sismo na Colômbia em 2026,0,0,,0
2026-08-10 11:00,2026 Colombia earthquake,Q140984463,pt,Sismo na Colômbia em 2026,0,0,,0
2026-08-10 12:00,2026 Colombia earthquake,Q140984463,pt,Sismo na Colômbia em 2026,0,0,,0
2026-08-10 13:00,2026 Colombia earthquake,Q140984463,pt,Sismo na Colômbia em 2026,0,0,,0
2026-08-10 14:00,2026 Colombia earthquake,Q140984463,pt,Sismo na Colômbia em 2026,26,0,,1
2026-08-10 15:00,2026 Colombia earthquake,Q140984463,pt,Sismo na Colômbia em 2026,33,0,,1
2026-08-10 16:00,2026 Colombia earthquake,Q140984463,pt,Sismo na Colômbia em 2026,34,0,,1
2026-08-10 17:00,2026 Colombia earthquake,Q140984463,pt,Sismo na Colômbia em 2026,41,0,,1
2026-08-10 18:00,2026 Colombia earthquake,Q140984463,pt,Sismo na Colômbia em 2026,13,0,,0
2026-08-10 19:00,2026 Colombia earthquake,Q140984463,pt,Sismo na Colômbia em 2026,53,0,,1
2026-08-10 20:00,2026 Colombia earthquake,Q140984463,pt,Sismo na Colômbia em 2026,60,0,,1
2026-08-10 21:00,2026 Colombia earthquake,Q140984463,pt,Sismo na Colômbia em 2026,42,0,,1
2026-08-10 22:00,2026 Colombia earthquake,Q140984463,pt,Sismo na Colômbia em 2026,44,0,,1
2026-08-10 23:00,2026 Colombia earthquake,Q140984463,pt,Sismo na Colômbia em 2026,55,0,,1
2026-08-10 00:00,2026 Colombia earthquake,Q140984463,it,Terremoto di Chocó del 2026,0,0,,0
2026-08-10 01:00,2026 Colombia earthquake,Q140984463,it,Terremoto di Chocó del 2026,0,0,,0
2026-08-10 02:00,2026 Colombia earthquake,Q140984463,it,Terremoto di Chocó del 2026,0,0,,0
2026-08-10 03:00,2026 Colombia earthquake,Q140984463,it,Terremoto di Chocó del 2026,0,0,,0
2026-08-10 04:00,2026 Colombia earthquake,Q140984463,it,Terremoto di Chocó del 2026,0,0,,0
2026-08-10 05:00,2026 Colombia earthquake,Q140984463,it,Terremoto di Chocó del 2026,0,0,,0
2026-08-10 06:00,2026 Colombia earthquake,Q140984463,it,Terremoto di Chocó del 2026,0,0,,0
2026-08-10 07:00,2026 Colombia earthquake,Q140984463,it,Terremoto di Chocó del 2026,0,0,,0
2026-08-10 08:00,2026 Colombia earthquake,Q140984463,it,Terremoto di Chocó del 2026,0,0,,0
2026-08-10 09:00,2026 Colombia earthquake,Q140984463,it,Terremoto di Chocó del 2026,0,0,,0
2026-08-10 10:00,2026 Colombia earthquake,Q140984463,it,Terremoto di Chocó del 2026,0,0,,0
2026-08-10 11:00,2026 Colombia earthquake,Q140984463,it,Terremoto di Chocó del 2026,0,0,,0
2026-08-10 12:00,2026 Colombia earthquake,Q140984463,it,Terremoto di Chocó del 2026,0,0,,0
2026-08-10 13:00,2026 Colombia earthquake,Q140984463,it,Terremoto di Chocó del 2026,0,0,,0
2026-08-10 14:00,2026 Colombia earthquake,Q140984463,it,Terremoto di Chocó del 2026,0,0,,0
2026-08-10 15:00,2026 Colombia earthquake,Q140984463,it,Terremoto di Chocó del 2026,0,0,,0
2026-08-10 16:00,2026 Colombia earthquake,Q140984463,it,Terremoto di Chocó del 2026,0,0,,0
2026-08-10 17:00,2026 Colombia earthquake,Q140984463,it,Terremoto di Chocó del 2026,0,0,,0
2026-08-10 18:00,2026 Colombia earthquake,Q140984463,it,Terremoto di Chocó del 2026,0,0,,0
2026-08-10 19:00,2026 Colombia earthquake,Q140984463,it,Terremoto di Chocó del 2026,0,0,,0
2026-08-10 20:00,2026 Colombia earthquake,Q140984463,it,Terremoto di Chocó del 2026,0,0,,0
2026-08-10 21:00,2026 Colombia earthquake,Q140984463,it,Terremoto di Chocó del 2026,3,0,,0
2026-08-10 22:00,2026 Colombia earthquake,Q140984463,it,Terremoto di Chocó del 2026,0,0,,0
2026-08-10 23:00,2026 Colombia earthquake,Q140984463,it,Terremoto di Chocó del 2026,0,0,,0
2026-08-10 00:00,2026 Colombia earthquake,Q140984463,ru,Землетрясение в Колумбии (2026),0,0,,0
2026-08-10 01:00,2026 Colombia earthquake,Q140984463,ru,Землетрясение в Колумбии (2026),0,0,,0
2026-08-10 02:00,2026 Colombia earthquake,Q140984463,ru,Землетрясение в Колумбии (2026),0,0,,0
2026-08-10 03:00,2026 Colombia earthquake,Q140984463,ru,Землетрясение в Колумбии (2026),0,0,,0
2026-08-10 04:00,2026 Colombia earthquake,Q140984463,ru,Землетрясение в Колумбии (2026),0,0,,0
2026-08-10 05:00,2026 Colombia earthquake,Q140984463,ru,Землетрясение в Колумбии (2026),0,0,,0
2026-08-10 06:00,2026 Colombia earthquake,Q140984463,ru,Землетрясение в Колумбии (2026),0,0,,0
2026-08-10 07:00,2026 Colombia earthquake,Q140984463,ru,Землетрясение в Колумбии (2026),0,0,,0
2026-08-10 08:00,2026 Colombia earthquake,Q140984463,ru,Землетрясение в Колумбии (2026),0,0,,0
2026-08-10 09:00,2026 Colombia earthquake,Q140984463,ru,Землетрясение в Колумбии (2026),0,0,,0
2026-08-10 10:00,2026 Colombia earthquake,Q140984463,ru,Землетрясение в Колумбии (2026),0,0,,0
2026-08-10 11:00,2026 Colombia earthquake,Q140984463,ru,Землетрясение в Колумбии (2026),0,0,,0
2026-08-10 12:00,2026 Colombia earthquake,Q140984463,ru,Землетрясение в Колумбии (2026),0,0,,0
2026-08-10 13:00,2026 Colombia earthquake,Q140984463,ru,Землетрясение в Колумбии (2026),0,0,,0
2026-08-10 14:00,2026 Colombia earthquake,Q140984463,ru,Землетрясение в Колумбии (2026),0,0,,0
2026-08-10 15:00,2026 Colombia earthquake,Q140984463,ru,Землетрясение в Колумбии (2026),0,0,,0
2026-08-10 16:00,2026 Colombia earthquake,Q140984463,ru,Землетрясение в Колумбии (2026),0,0,,0
2026-08-10 17:00,2026 Colombia earthquake,Q140984463,ru,Землетрясение в Колумбии (2026),0,0,,0
2026-08-10 18:00,2026 Colombia earthquake,Q140984463,ru,Землетрясение в Колумбии (2026),0,0,,0
2026-08-10 19:00,2026 Colombia earthquake,Q140984463,ru,Землетрясение в Колумбии (2026),0,0,,0
2026-08-10 20:00,2026 Colombia earthquake,Q140984463,ru,Землетрясение в Колумбии (2026),0,0,,0
2026-08-10 21:00,2026 Colombia earthquake,Q140984463,ru,Землетрясение в Колумбии (2026),0,0,,0
2026-08-10 22:00,2026 Colombia earthquake,Q140984463,ru,Землетрясение в Колумбии (2026),0,0,,0
2026-08-10 23:00,2026 Colombia earthquake,Q140984463,ru,Землетрясение в Колумбии (2026),0,0,,0
2026-08-10 00:00,2026 Colombia earthquake,Q140984463,ja,コロンビア地震 (2026年),0,0,,0
2026-08-10 01:00,2026 Colombia earthquake,Q140984463,ja,コロンビア地震 (2026年),0,0,,0
2026-08-10 02:00,2026 Colombia earthquake,Q140984463,ja,コロンビア地震 (2026年),0,0,,0
2026-08-10 03:00,2026 Colombia earthquake,Q140984463,ja,コロンビア地震 (2026年),0,0,,0
2026-08-10 04:00,2026 Colombia earthquake,Q140984463,ja,コロンビア地震 (2026年),0,0,,0
2026-08-10 05:00,2026 Colombia earthquake,Q140984463,ja,コロンビア地震 (2026年),0,0,,0
2026-08-10 06:00,2026 Colombia earthquake,Q140984463,ja,コロンビア地震 (2026年),0,0,,0
2026-08-10 07:00,2026 Colombia earthquake,Q140984463,ja,コロンビア地震 (2026年),0,0,,0
2026-08-10 08:00,2026 Colombia earthquake,Q140984463,ja,コロンビア地震 (2026年),0,0,,0
2026-08-10 09:00,2026 Colombia earthquake,Q140984463,ja,コロンビア地震 (2026年),0,0,,0
2026-08-10 10:00,2026 Colombia earthquake,Q140984463,ja,コロンビア地震 (2026年),0,0,,0
2026-08-10 11:00,2026 Colombia earthquake,Q140984463,ja,コロンビア地震 (2026年),0,0,,0
2026-08-10 12:00,2026 Colombia earthquake,Q140984463,ja,コロンビア地震 (2026年),0,0,,0
2026-08-10 13:00,2026 Colombia earthquake,Q140984463,ja,コロンビア地震 (2026年),0,0,,0
2026-08-10 14:00,2026 Colombia earthquake,Q140984463,ja,コロンビア地震 (2026年),0,0,,0
2026-08-10 15:00,2026 Colombia earthquake,Q140984463,ja,コロンビア地震 (2026年),0,0,,0
2026-08-10 16:00,2026 Colombia earthquake,Q140984463,ja,コロンビア地震 (2026年),23,0,,1
2026-08-10 17:00,2026 Colombia earthquake,Q140984463,ja,コロンビア地震 (2026年),35,0,,1
2026-08-10 18:00,2026 Colombia earthquake,Q140984463,ja,コロンビア地震 (2026年),21,0,,1
2026-08-10 19:00,2026 Colombia earthquake,Q140984463,ja,コロンビア地震 (2026年),14,0,,0
2026-08-10 20:00,2026 Colombia earthquake,Q140984463,ja,コロンビア地震 (2026年),29,0,,1
2026-08-10 21:00,2026 Colombia earthquake,Q140984463,ja,コロンビア地震 (2026年),51,0,,1
2026-08-10 22:00,2026 Colombia earthquake,Q140984463,ja,コロンビア地震 (2026年),93,0,,1
2026-08-10 23:00,2026 Colombia earthquake,Q140984463,ja,コロンビア地震 (2026年),92,0,,1
2026-08-10 00:00,2026 Colombia earthquake,Q140984463,zh,2026年哥伦比亚地震,0,0,,0
2026-08-10 01:00,2026 Colombia earthquake,Q140984463,zh,2026年哥伦比亚地震,0,0,,0
2026-08-10 02:00,2026 Colombia earthquake,Q140984463,zh,2026年哥伦比亚地震,0,0,,0
2026-08-10 03:00,2026 Colombia earthquake,Q140984463,zh,2026年哥伦比亚地震,0,0,,0
2026-08-10 04:00,2026 Colombia earthquake,Q140984463,zh,2026年哥伦比亚地震,0,0,,0
2026-08-10 05:00,2026 Colombia earthquake,Q140984463,zh,2026年哥伦比亚地震,0,0,,0
2026-08-10 06:00,2026 Colombia earthquake,Q140984463,zh,2026年哥伦比亚地震,0,0,,0
2026-08-10 07:00,2026 Colombia earthquake,Q140984463,zh,2026年哥伦比亚地震,0,0,,0
2026-08-10 08:00,2026 Colombia earthquake,Q140984463,zh,2026年哥伦比亚地震,0,0,,0
2026-08-10 09:00,2026 Colombia earthquake,Q140984463,zh,2026年哥伦比亚地震,0,0,,0
2026-08-10 10:00,2026 Colombia earthquake,Q140984463,zh,2026年哥伦比亚地震,0,0,,0
2026-08-10 11:00,2026 Colombia earthquake,Q140984463,zh,2026年哥伦比亚地震,0,0,,0
2026-08-10 12:00,2026 Colombia earthquake,Q140984463,zh,2026年哥伦比亚地震,0,0,,0
2026-08-10 13:00,2026 Colombia earthquake,Q140984463,zh,2026年哥伦比亚地震,0,0,,0
2026-08-10 14:00,2026 Colombia earthquake,Q140984463,zh,2026年哥伦比亚地震,16,0,,0
2026-08-10 15:00,2026 Colombia earthquake,Q140984463,zh,2026年哥伦比亚地震,51,0,,1
2026-08-10 16:00,2026 Colombia earthquake,Q140984463,zh,2026年哥伦比亚地震,52,0,,1
2026-08-10 17:00,2026 Colombia earthquake,Q140984463,zh,2026年哥伦比亚地震,28,0,,1
2026-08-10 18:00,2026 Colombia earthquake,Q140984463,zh,2026年哥伦比亚地震,29,0,,1
2026-08-10 19:00,2026 Colombia earthquake,Q140984463,zh,2026年哥伦比亚地震,21,0,,1
2026-08-10 20:00,2026 Colombia earthquake,Q140984463,zh,2026年哥伦比亚地震,18,0,,0
2026-08-10 21:00,2026 Colombia earthquake,Q140984463,zh,2026年哥伦比亚地震,21,0,,1
2026-08-10 22:00,2026 Colombia earthquake,Q140984463,zh,2026年哥伦比亚地震,30,0,,1
2026-08-10 23:00,2026 Colombia earthquake,Q140984463,zh,2026年哥伦比亚地震,53,0,,1
2026-08-10 00:00,2026 Colombia earthquake,Q140984463,ar,زلزال كولومبيا 2026,0,0,,0
2026-08-10 01:00,2026 Colombia earthquake,Q140984463,ar,زلزال كولومبيا 2026,0,0,,0
2026-08-10 02:00,2026 Colombia earthquake,Q140984463,ar,زلزال كولومبيا 2026,0,0,,0
2026-08-10 03:00,2026 Colombia earthquake,Q140984463,ar,زلزال كولومبيا 2026,0,0,,0
2026-08-10 04:00,2026 Colombia earthquake,Q140984463,ar,زلزال كولومبيا 2026,0,0,,0
2026-08-10 05:00,2026 Colombia earthquake,Q140984463,ar,زلزال كولومبيا 2026,0,0,,0
2026-08-10 06:00,2026 Colombia earthquake,Q140984463,ar,زلزال كولومبيا 2026,0,0,,0
2026-08-10 07:00,2026 Colombia earthquake,Q140984463,ar,زلزال كولومبيا 2026,0,0,,0
2026-08-10 08:00,2026 Colombia earthquake,Q140984463,ar,زلزال كولومبيا 2026,0,0,,0
2026-08-10 09:00,2026 Colombia earthquake,Q140984463,ar,زلزال كولومبيا 2026,0,0,,0
2026-08-10 10:00,2026 Colombia earthquake,Q140984463,ar,زلزال كولومبيا 2026,0,0,,0
2026-08-10 11:00,2026 Colombia earthquake,Q140984463,ar,زلزال كولومبيا 2026,0,0,,0
2026-08-10 12:00,2026 Colombia earthquake,Q140984463,ar,زلزال كولومبيا 2026,0,0,,0
2026-08-10 13:00,2026 Colombia earthquake,Q140984463,ar,زلزال كولومبيا 2026,0,0,,0
2026-08-10 14:00,2026 Colombia earthquake,Q140984463,ar,زلزال كولومبيا 2026,0,0,,0
2026-08-10 15:00,2026 Colombia earthquake,Q140984463,ar,زلزال كولومبيا 2026,3,0,,0
2026-08-10 16:00,2026 Colombia earthquake,Q140984463,ar,زلزال كولومبيا 2026,15,0,,0
2026-08-10 17:00,2026 Colombia earthquake,Q140984463,ar,زلزال كولومبيا 2026,6,0,,0
2026-08-10 18:00,2026 Colombia earthquake,Q140984463,ar,زلزال كولومبيا 2026,11,0,,0
2026-08-10 19:00,2026 Colombia earthquake,Q140984463,ar,زلزال كولومبيا 2026,11,0,,0
2026-08-10 20:00,2026 Colombia earthquake,Q140984463,ar,زلزال كولومبيا 2026,10,0,,0
2026-08-10 21:00,2026 Colombia earthquake,Q140984463,ar,زلزال كولومبيا 2026,9,0,,0
2026-08-10 22:00,2026 Colombia earthquake,Q140984463,ar,زلزال كولومبيا 2026,12,0,,0
2026-08-10 23:00,2026 Colombia earthquake,Q140984463,ar,زلزال كولومبيا 2026,0,0,,0
2026-08-10 00:00,Chocó Department,Q230584,en,Chocó Department,8,5,1.6,0
2026-08-10 01:00,Chocó Department,Q230584,en,Chocó Department,6,8,0.8,0
2026-08-10 02:00,Chocó Department,Q230584,en,Chocó Department,10,7,1.4,0
2026-08-10 03:00,Chocó Department,Q230584,en,Chocó Department,5,2,2.5,0
2026-08-10 04:00,Chocó Department,Q230584,en,Chocó Department,6,2,3.0,0
2026-08-10 05:00,Chocó Department,Q230584,en,Chocó Department,3,8,0.4,0
2026-08-10 06:00,Chocó Department,Q230584,en,Chocó Department,5,7,0.7,0
2026-08-10 07:00,Chocó Department,Q230584,en,Chocó Department,1,2,0.5,0
2026-08-10 08:00,Chocó Department,Q230584,en,Chocó Department,3,0,,0
2026-08-10 09:00,Chocó Department,Q230584,en,Chocó Department,2,7,0.3,0
2026-08-10 10:00,Chocó Department,Q230584,en,Chocó Department,7,3,2.3,0
2026-08-10 11:00,Chocó Department,Q230584,en,Chocó Department,4,4,1.0,0
2026-08-10 12:00,Chocó Department,Q230584,en,Chocó Department,61,6,10.2,1
2026-08-10 13:00,Chocó Department,Q230584,en,Chocó Department,335,7,47.9,1
2026-08-10 14:00,Chocó Department,Q230584,en,Chocó Department,455,4,113.8,1
2026-08-10 15:00,Chocó Department,Q230584,en,Chocó Department,480,2,240.0,1
2026-08-10 16:00,Chocó Department,Q230584,en,Chocó Department,523,7,74.7,1
2026-08-10 17:00,Chocó Department,Q230584,en,Chocó Department,511,3,170.3,1
2026-08-10 18:00,Chocó Department,Q230584,en,Chocó Department,491,4,122.8,1
2026-08-10 19:00,Chocó Department,Q230584,en,Chocó Department,464,6,77.3,1
2026-08-10 20:00,Chocó Department,Q230584,en,Chocó Department,385,3,128.3,1
2026-08-10 21:00,Chocó Department,Q230584,en,Chocó Department,389,3,129.7,1
2026-08-10 22:00,Chocó Department,Q230584,en,Chocó Department,392,4,98.0,1
2026-08-10 23:00,Chocó Department,Q230584,en,Chocó Department,350,10,35.0,1
2026-08-10 00:00,Chocó Department,Q230584,es,Chocó,8,1,8.0,0
2026-08-10 01:00,Chocó Department,Q230584,es,Chocó,12,9,1.3,0
2026-08-10 02:00,Chocó Department,Q230584,es,Chocó,6,5,1.2,0
2026-08-10 03:00,Chocó Department,Q230584,es,Chocó,4,8,0.5,0
2026-08-10 04:00,Chocó Department,Q230584,es,Chocó,1,0,,0
2026-08-10 05:00,Chocó Department,Q230584,es,Chocó,5,6,0.8,0
2026-08-10 06:00,Chocó Department,Q230584,es,Chocó,6,2,3.0,0
2026-08-10 07:00,Chocó Department,Q230584,es,Chocó,2,2,1.0,0
2026-08-10 08:00,Chocó Department,Q230584,es,Chocó,3,1,3.0,0
2026-08-10 09:00,Chocó Department,Q230584,es,Chocó,2,1,2.0,0
2026-08-10 10:00,Chocó Department,Q230584,es,Chocó,2,1,2.0,0
2026-08-10 11:00,Chocó Department,Q230584,es,Chocó,5,2,2.5,0
2026-08-10 12:00,Chocó Department,Q230584,es,Chocó,376,4,94.0,1
2026-08-10 13:00,Chocó Department,Q230584,es,Chocó,1492,6,248.7,1
2026-08-10 14:00,Chocó Department,Q230584,es,Chocó,1413,2,706.5,1
2026-08-10 15:00,Chocó Department,Q230584,es,Chocó,1165,4,291.2,1
2026-08-10 16:00,Chocó Department,Q230584,es,Chocó,950,6,158.3,1
2026-08-10 17:00,Chocó Department,Q230584,es,Chocó,852,6,142.0,1
2026-08-10 18:00,Chocó Department,Q230584,es,Chocó,706,4,176.5,1
2026-08-10 19:00,Chocó Department,Q230584,es,Chocó,668,7,95.4,1
2026-08-10 20:00,Chocó Department,Q230584,es,Chocó,538,5,107.6,1
2026-08-10 21:00,Chocó Department,Q230584,es,Chocó,521,8,65.1,1
2026-08-10 22:00,Chocó Department,Q230584,es,Chocó,489,8,61.1,1
2026-08-10 23:00,Chocó Department,Q230584,es,Chocó,407,10,40.7,1
2026-08-10 00:00,Chocó Department,Q230584,fr,Chocó,0,0,,0
2026-08-10 01:00,Chocó Department,Q230584,fr,Chocó,1,1,1.0,0
2026-08-10 02:00,Chocó Department,Q230584,fr,Chocó,0,1,0.0,0
2026-08-10 03:00,Chocó Department,Q230584,fr,Chocó,1,1,1.0,0
2026-08-10 04:00,Chocó Department,Q230584,fr,Chocó,0,0,,0
2026-08-10 05:00,Chocó Department,Q230584,fr,Chocó,2,0,,0
2026-08-10 06:00,Chocó Department,Q230584,fr,Chocó,1,1,1.0,0
2026-08-10 07:00,Chocó Department,Q230584,fr,Chocó,1,1,1.0,0
2026-08-10 08:00,Chocó Department,Q230584,fr,Chocó,0,0,,0
2026-08-10 09:00,Chocó Department,Q230584,fr,Chocó,0,1,0.0,0
2026-08-10 10:00,Chocó Department,Q230584,fr,Chocó,1,0,,0
2026-08-10 11:00,Chocó Department,Q230584,fr,Chocó,1,0,,0
2026-08-10 12:00,Chocó Department,Q230584,fr,Chocó,3,0,,0
2026-08-10 13:00,Chocó Department,Q230584,fr,Chocó,28,1,28.0,1
2026-08-10 14:00,Chocó Department,Q230584,fr,Chocó,24,0,,1
2026-08-10 15:00,Chocó Department,Q230584,fr,Chocó,35,1,35.0,1
2026-08-10 16:00,Chocó Department,Q230584,fr,Chocó,26,0,,1
2026-08-10 17:00,Chocó Department,Q230584,fr,Chocó,20,1,20.0,1
2026-08-10 18:00,Chocó Department,Q230584,fr,Chocó,40,1,40.0,1
2026-08-10 19:00,Chocó Department,Q230584,fr,Chocó,22,2,11.0,1
2026-08-10 20:00,Chocó Department,Q230584,fr,Chocó,26,1,26.0,1
2026-08-10 21:00,Chocó Department,Q230584,fr,Chocó,43,0,,1
2026-08-10 22:00,Chocó Department,Q230584,fr,Chocó,20,0,,1
2026-08-10 23:00,Chocó Department,Q230584,fr,Chocó,6,0,,0
2026-08-10 00:00,Chocó Department,Q230584,de,Departamento del Chocó,0,0,,0
2026-08-10 01:00,Chocó Department,Q230584,de,Departamento del Chocó,0,0,,0
2026-08-10 02:00,Chocó Department,Q230584,de,Departamento del Chocó,0,1,0.0,0
2026-08-10 03:00,Chocó Department,Q230584,de,Departamento del Chocó,0,0,,0
2026-08-10 04:00,Chocó Department,Q230584,de,Departamento del Chocó,0,0,,0
2026-08-10 05:00,Chocó Department,Q230584,de,Departamento del Chocó,0,0,,0
2026-08-10 06:00,Chocó Department,Q230584,de,Departamento del Chocó,0,0,,0
2026-08-10 07:00,Chocó Department,Q230584,de,Departamento del Chocó,0,0,,0
2026-08-10 08:00,Chocó Department,Q230584,de,Departamento del Chocó,0,0,,0
2026-08-10 09:00,Chocó Department,Q230584,de,Departamento del Chocó,1,1,1.0,0
2026-08-10 10:00,Chocó Department,Q230584,de,Departamento del Chocó,0,0,,0
2026-08-10 11:00,Chocó Department,Q230584,de,Departamento del Chocó,0,1,0.0,0
2026-08-10 12:00,Chocó Department,Q230584,de,Departamento del Chocó,3,0,,0
2026-08-10 13:00,Chocó Department,Q230584,de,Departamento del Chocó,18,0,,0
2026-08-10 14:00,Chocó Department,Q230584,de,Departamento del Chocó,23,0,,1
2026-08-10 15:00,Chocó Department,Q230584,de,Departamento del Chocó,47,1,47.0,1
2026-08-10 16:00,Chocó Department,Q230584,de,Departamento del Chocó,26,2,13.0,1
2026-08-10 17:00,Chocó Department,Q230584,de,Departamento del Chocó,31,1,31.0,1
2026-08-10 18:00,Chocó Department,Q230584,de,Departamento del Chocó,38,1,38.0,1
2026-08-10 19:00,Chocó Department,Q230584,de,Departamento del Chocó,43,1,43.0,1
2026-08-10 20:00,Chocó Department,Q230584,de,Departamento del Chocó,23,0,,1
2026-08-10 21:00,Chocó Department,Q230584,de,Departamento del Chocó,18,0,,0
2026-08-10 22:00,Chocó Department,Q230584,de,Departamento del Chocó,9,3,3.0,0
2026-08-10 23:00,Chocó Department,Q230584,de,Departamento del Chocó,14,2,7.0,0
2026-08-10 00:00,Chocó Department,Q230584,pt,Chocó,0,0,,0
2026-08-10 01:00,Chocó Department,Q230584,pt,Chocó,0,0,,0
2026-08-10 02:00,Chocó Department,Q230584,pt,Chocó,1,0,,0
2026-08-10 03:00,Chocó Department,Q230584,pt,Chocó,0,0,,0
2026-08-10 04:00,Chocó Department,Q230584,pt,Chocó,0,0,,0
2026-08-10 05:00,Chocó Department,Q230584,pt,Chocó,0,0,,0
2026-08-10 06:00,Chocó Department,Q230584,pt,Chocó,0,0,,0
2026-08-10 07:00,Chocó Department,Q230584,pt,Chocó,0,0,,0
2026-08-10 08:00,Chocó Department,Q230584,pt,Chocó,0,0,,0
2026-08-10 09:00,Chocó Department,Q230584,pt,Chocó,0,0,,0
2026-08-10 10:00,Chocó Department,Q230584,pt,Chocó,2,1,2.0,0
2026-08-10 11:00,Chocó Department,Q230584,pt,Chocó,0,0,,0
2026-08-10 12:00,Chocó Department,Q230584,pt,Chocó,4,0,,0
2026-08-10 13:00,Chocó Department,Q230584,pt,Chocó,50,0,,1
2026-08-10 14:00,Chocó Department,Q230584,pt,Chocó,46,1,46.0,1
2026-08-10 15:00,Chocó Department,Q230584,pt,Chocó,48,1,48.0,1
2026-08-10 16:00,Chocó Department,Q230584,pt,Chocó,44,0,,1
2026-08-10 17:00,Chocó Department,Q230584,pt,Chocó,25,0,,1
2026-08-10 18:00,Chocó Department,Q230584,pt,Chocó,28,0,,1
2026-08-10 19:00,Chocó Department,Q230584,pt,Chocó,34,1,34.0,1
2026-08-10 20:00,Chocó Department,Q230584,pt,Chocó,29,0,,1
2026-08-10 21:00,Chocó Department,Q230584,pt,Chocó,28,0,,1
2026-08-10 22:00,Chocó Department,Q230584,pt,Chocó,24,1,24.0,1
2026-08-10 23:00,Chocó Department,Q230584,pt,Chocó,17,1,17.0,0
2026-08-10 00:00,Chocó Department,Q230584,it,Dipartimento di Chocó,0,0,,0
2026-08-10 01:00,Chocó Department,Q230584,it,Dipartimento di Chocó,0,0,,0
2026-08-10 02:00,Chocó Department,Q230584,it,Dipartimento di Chocó,0,0,,0
2026-08-10 03:00,Chocó Department,Q230584,it,Dipartimento di Chocó,0,0,,0
2026-08-10 04:00,Chocó Department,Q230584,it,Dipartimento di Chocó,0,0,,0
2026-08-10 05:00,Chocó Department,Q230584,it,Dipartimento di Chocó,0,0,,0
2026-08-10 06:00,Chocó Department,Q230584,it,Dipartimento di Chocó,0,0,,0
2026-08-10 07:00,Chocó Department,Q230584,it,Dipartimento di Chocó,0,0,,0
2026-08-10 08:00,Chocó Department,Q230584,it,Dipartimento di Chocó,0,1,0.0,0
2026-08-10 09:00,Chocó Department,Q230584,it,Dipartimento di Chocó,0,0,,0
2026-08-10 10:00,Chocó Department,Q230584,it,Dipartimento di Chocó,1,0,,0
2026-08-10 11:00,Chocó Department,Q230584,it,Dipartimento di Chocó,0,1,0.0,0
2026-08-10 12:00,Chocó Department,Q230584,it,Dipartimento di Chocó,3,0,,0
2026-08-10 13:00,Chocó Department,Q230584,it,Dipartimento di Chocó,94,0,,1
2026-08-10 14:00,Chocó Department,Q230584,it,Dipartimento di Chocó,114,0,,1
2026-08-10 15:00,Chocó Department,Q230584,it,Dipartimento di Chocó,79,0,,1
2026-08-10 16:00,Chocó Department,Q230584,it,Dipartimento di Chocó,46,0,,1
2026-08-10 17:00,Chocó Department,Q230584,it,Dipartimento di Chocó,60,0,,1
2026-08-10 18:00,Chocó Department,Q230584,it,Dipartimento di Chocó,53,0,,1
2026-08-10 19:00,Chocó Department,Q230584,it,Dipartimento di Chocó,34,0,,1
2026-08-10 20:00,Chocó Department,Q230584,it,Dipartimento di Chocó,29,0,,1
2026-08-10 21:00,Chocó Department,Q230584,it,Dipartimento di Chocó,14,0,,0
2026-08-10 22:00,Chocó Department,Q230584,it,Dipartimento di Chocó,15,2,7.5,0
2026-08-10 23:00,Chocó Department,Q230584,it,Dipartimento di Chocó,14,4,3.5,0
2026-08-10 00:00,Chocó Department,Q230584,ru,Чоко (департамент),0,0,,0
2026-08-10 01:00,Chocó Department,Q230584,ru,Чоко (департамент),0,0,,0
2026-08-10 02:00,Chocó Department,Q230584,ru,Чоко (департамент),0,0,,0
2026-08-10 03:00,Chocó Department,Q230584,ru,Чоко (департамент),0,0,,0
2026-08-10 04:00,Chocó Department,Q230584,ru,Чоко (департамент),0,0,,0
2026-08-10 05:00,Chocó Department,Q230584,ru,Чоко (департамент),0,0,,0
2026-08-10 06:00,Chocó Department,Q230584,ru,Чоко (департамент),0,0,,0
2026-08-10 07:00,Chocó Department,Q230584,ru,Чоко (департамент),2,0,,0
2026-08-10 08:00,Chocó Department,Q230584,ru,Чоко (департамент),0,1,0.0,0
2026-08-10 09:00,Chocó Department,Q230584,ru,Чоко (департамент),0,1,0.0,0
2026-08-10 10:00,Chocó Department,Q230584,ru,Чоко (департамент),0,0,,0
2026-08-10 11:00,Chocó Department,Q230584,ru,Чоко (департамент),0,0,,0
2026-08-10 12:00,Chocó Department,Q230584,ru,Чоко (департамент),1,0,,0
2026-08-10 13:00,Chocó Department,Q230584,ru,Чоко (департамент),11,0,,0
2026-08-10 14:00,Chocó Department,Q230584,ru,Чоко (департамент),11,2,5.5,0
2026-08-10 15:00,Chocó Department,Q230584,ru,Чоко (департамент),8,0,,0
2026-08-10 16:00,Chocó Department,Q230584,ru,Чоко (департамент),8,1,8.0,0
2026-08-10 17:00,Chocó Department,Q230584,ru,Чоко (департамент),9,0,,0
2026-08-10 18:00,Chocó Department,Q230584,ru,Чоко (департамент),3,1,3.0,0
2026-08-10 19:00,Chocó Department,Q230584,ru,Чоко (департамент),7,1,7.0,0
2026-08-10 20:00,Chocó Department,Q230584,ru,Чоко (департамент),4,1,4.0,0
2026-08-10 21:00,Chocó Department,Q230584,ru,Чоко (департамент),5,0,,0
2026-08-10 22:00,Chocó Department,Q230584,ru,Чоко (департамент),0,1,0.0,0
2026-08-10 23:00,Chocó Department,Q230584,ru,Чоко (департамент),2,0,,0
2026-08-10 00:00,Chocó Department,Q230584,ja,チョコ県,0,0,,0
2026-08-10 01:00,Chocó Department,Q230584,ja,チョコ県,1,0,,0
2026-08-10 02:00,Chocó Department,Q230584,ja,チョコ県,0,2,0.0,0
2026-08-10 03:00,Chocó Department,Q230584,ja,チョコ県,0,0,,0
2026-08-10 04:00,Chocó Department,Q230584,ja,チョコ県,0,0,,0
2026-08-10 05:00,Chocó Department,Q230584,ja,チョコ県,0,1,0.0,0
2026-08-10 06:00,Chocó Department,Q230584,ja,チョコ県,1,2,0.5,0
2026-08-10 07:00,Chocó Department,Q230584,ja,チョコ県,0,0,,0
2026-08-10 08:00,Chocó Department,Q230584,ja,チョコ県,0,0,,0
2026-08-10 09:00,Chocó Department,Q230584,ja,チョコ県,0,0,,0
2026-08-10 10:00,Chocó Department,Q230584,ja,チョコ県,0,0,,0
2026-08-10 11:00,Chocó Department,Q230584,ja,チョコ県,0,0,,0
2026-08-10 12:00,Chocó Department,Q230584,ja,チョコ県,1,0,,0
2026-08-10 13:00,Chocó Department,Q230584,ja,チョコ県,12,0,,0
2026-08-10 14:00,Chocó Department,Q230584,ja,チョコ県,70,0,,1
2026-08-10 15:00,Chocó Department,Q230584,ja,チョコ県,102,0,,1
2026-08-10 16:00,Chocó Department,Q230584,ja,チョコ県,41,0,,1
2026-08-10 17:00,Chocó Department,Q230584,ja,チョコ県,34,0,,1
2026-08-10 18:00,Chocó Department,Q230584,ja,チョコ県,24,0,,1
2026-08-10 19:00,Chocó Department,Q230584,ja,チョコ県,16,0,,0
2026-08-10 20:00,Chocó Department,Q230584,ja,チョコ県,46,0,,1
2026-08-10 21:00,Chocó Department,Q230584,ja,チョコ県,60,0,,1
2026-08-10 22:00,Chocó Department,Q230584,ja,チョコ県,73,0,,1
2026-08-10 23:00,Chocó Department,Q230584,ja,チョコ県,63,0,,1
2026-08-10 00:00,Chocó Department,Q230584,zh,乔科省,0,0,,0
2026-08-10 01:00,Chocó Department,Q230584,zh,乔科省,0,0,,0
2026-08-10 02:00,Chocó Department,Q230584,zh,乔科省,0,0,,0
2026-08-10 03:00,Chocó Department,Q230584,zh,乔科省,0,0,,0
2026-08-10 04:00,Chocó Department,Q230584,zh,乔科省,0,0,,0
2026-08-10 05:00,Chocó Department,Q230584,zh,乔科省,0,0,,0
2026-08-10 06:00,Chocó Department,Q230584,zh,乔科省,0,0,,0
2026-08-10 07:00,Chocó Department,Q230584,zh,乔科省,0,0,,0
2026-08-10 08:00,Chocó Department,Q230584,zh,乔科省,0,0,,0
2026-08-10 09:00,Chocó Department,Q230584,zh,乔科省,0,0,,0
2026-08-10 10:00,Chocó Department,Q230584,zh,乔科省,0,0,,0
2026-08-10 11:00,Chocó Department,Q230584,zh,乔科省,0,0,,0
2026-08-10 12:00,Chocó Department,Q230584,zh,乔科省,3,0,,0
2026-08-10 13:00,Chocó Department,Q230584,zh,乔科省,9,1,9.0,0
2026-08-10 14:00,Chocó Department,Q230584,zh,乔科省,8,1,8.0,0
2026-08-10 15:00,Chocó Department,Q230584,zh,乔科省,21,0,,1
2026-08-10 16:00,Chocó Department,Q230584,zh,乔科省,14,0,,0
2026-08-10 17:00,Chocó Department,Q230584,zh,乔科省,7,0,,0
2026-08-10 18:00,Chocó Department,Q230584,zh,乔科省,9,0,,0
2026-08-10 19:00,Chocó Department,Q230584,zh,乔科省,7,0,,0
2026-08-10 20:00,Chocó Department,Q230584,zh,乔科省,4,0,,0
2026-08-10 21:00,Chocó Department,Q230584,zh,乔科省,8,0,,0
2026-08-10 22:00,Chocó Department,Q230584,zh,乔科省,3,0,,0
2026-08-10 23:00,Chocó Department,Q230584,zh,乔科省,17,0,,0
2026-08-10 00:00,Chocó Department,Q230584,ar,إدارة تشوكو,0,0,,0
2026-08-10 01:00,Chocó Department,Q230584,ar,إدارة تشوكو,0,0,,0
2026-08-10 02:00,Chocó Department,Q230584,ar,إدارة تشوكو,0,0,,0
2026-08-10 03:00,Chocó Department,Q230584,ar,إدارة تشوكو,0,0,,0
2026-08-10 04:00,Chocó Department,Q230584,ar,إدارة تشوكو,0,0,,0
2026-08-10 05:00,Chocó Department,Q230584,ar,إدارة تشوكو,0,0,,0
2026-08-10 06:00,Chocó Department,Q230584,ar,إدارة تشوكو,0,0,,0
2026-08-10 07:00,Chocó Department,Q230584,ar,إدارة تشوكو,0,0,,0
2026-08-10 08:00,Chocó Department,Q230584,ar,إدارة تشوكو,0,0,,0
2026-08-10 09:00,Chocó Department,Q230584,ar,إدارة تشوكو,0,0,,0
2026-08-10 10:00,Chocó Department,Q230584,ar,إدارة تشوكو,0,1,0.0,0
2026-08-10 11:00,Chocó Department,Q230584,ar,إدارة تشوكو,0,0,,0
2026-08-10 12:00,Chocó Department,Q230584,ar,إدارة تشوكو,0,0,,0
2026-08-10 13:00,Chocó Department,Q230584,ar,إدارة تشوكو,2,0,,0
2026-08-10 14:00,Chocó Department,Q230584,ar,إدارة تشوكو,5,0,,0
2026-08-10 15:00,Chocó Department,Q230584,ar,إدارة تشوكو,1,0,,0
2026-08-10 16:00,Chocó Department,Q230584,ar,إدارة تشوكو,5,0,,0
2026-08-10 17:00,Chocó Department,Q230584,ar,إدارة تشوكو,0,0,,0
2026-08-10 18:00,Chocó Department,Q230584,ar,إدارة تشوكو,0,0,,0
2026-08-10 19:00,Chocó Department,Q230584,ar,إدارة تشوكو,0,0,,0
2026-08-10 20:00,Chocó Department,Q230584,ar,إدارة تشوكو,1,0,,0
2026-08-10 21:00,Chocó Department,Q230584,ar,إدارة تشوكو,1,0,,0
2026-08-10 22:00,Chocó Department,Q230584,ar,إدارة تشوكو,1,0,,0
2026-08-10 23:00,Chocó Department,Q230584,ar,إدارة تشوكو,0,0,,0
