event,entity,qid,lang,title,event_utc,public_utc,dod_first_spike_hour,dod_delay_h,hoh_first_spike_hour,hoh_delay_h,hoh_visible_in_dumps_after_event_h,peak_hour,peak_views,views_in_event_hour,baseline_same_hour_prev_day
harald_v_death,Harald V,Q57287,en,Harald V,2026-08-28 04:35,2026-08-28 06:35,2026-08-28 00:00,-4.58,2026-08-28 06:00,1.42,4.7,2026-08-28 07:00,53428,2586,109
harald_v_death,Harald V,Q57287,no,Harald V,2026-08-28 04:35,2026-08-28 06:35,2026-08-28 00:00,-4.58,2026-08-28 05:00,0.42,3.7,2026-08-28 07:00,9419,510,22
harald_v_death,Harald V,Q57287,sv,Harald V av Norge,2026-08-28 04:35,2026-08-28 06:35,2026-08-28 00:00,-4.58,2026-08-28 04:00,-0.58,2.7,2026-08-28 07:00,8313,864,68
harald_v_death,Harald V,Q57287,da,Harald 5. af Norge,2026-08-28 04:35,2026-08-28 06:35,2026-08-28 00:00,-4.58,2026-08-28 04:00,-0.58,2.7,2026-08-28 07:00,3515,277,9
harald_v_death,Harald V,Q57287,de,Harald V.,2026-08-28 04:35,2026-08-28 06:35,2026-08-28 00:00,-4.58,2026-08-28 04:00,-0.58,2.7,2026-08-28 07:00,21585,922,20
harald_v_death,Harald V,Q57287,fr,Harald V,2026-08-28 04:35,2026-08-28 06:35,2026-08-28 00:00,-4.58,2026-08-28 05:00,0.42,3.7,2026-08-28 07:00,11248,375,12
harald_v_death,Harald V,Q57287,es,Harald V de Noruega,2026-08-28 04:35,2026-08-28 06:35,2026-08-28 00:00,-4.58,2026-08-28 06:00,1.42,4.7,2026-08-28 13:00,7398,331,17
harald_v_death,Harald V,Q57287,it,Harald V di Norvegia,2026-08-28 04:35,2026-08-28 06:35,2026-08-28 00:00,-4.58,2026-08-28 05:00,0.42,3.7,2026-08-28 07:00,8217,174,7
harald_v_death,Harald V,Q57287,ru,Харальд V,2026-08-28 04:35,2026-08-28 06:35,2026-08-28 00:00,-4.58,2026-08-28 06:00,1.42,4.7,2026-08-28 07:00,8096,113,3
harald_v_death,Harald V,Q57287,ja,ハーラル5世 (ノルウェー王),2026-08-28 04:35,2026-08-28 06:35,2026-08-28 00:00,-4.58,2026-08-28 07:00,2.42,5.7,2026-08-28 07:00,2658,86,4
colombia_earthquake,2026 Colombia earthquake,Q140984463,en,2026 Colombia earthquake,2026-08-10 12:34,2026-08-10 12:34,2026-08-10 13:00,0.43,2026-08-10 13:00,0.43,3.7,2026-08-10 17:00,2996,19,0
colombia_earthquake,2026 Colombia earthquake,Q140984463,es,Terremoto de Colombia de 2026,2026-08-10 12:34,2026-08-10 12:34,2026-08-10 13:00,0.43,2026-08-10 13:00,0.43,3.7,2026-08-10 20:00,2271,0,0
colombia_earthquake,2026 Colombia earthquake,Q140984463,fr,Séisme de 2026 en Colombie,2026-08-10 12:34,2026-08-10 12:34,2026-08-10 21:00,8.43,2026-08-10 21:00,8.43,11.7,2026-08-10 21:00,32,0,0
colombia_earthquake,2026 Colombia earthquake,Q140984463,de,Erdbeben in Kolumbien 2026,2026-08-10 12:34,2026-08-10 12:34,,,,,,2026-08-10 00:00,0,0,0
colombia_earthquake,2026 Colombia earthquake,Q140984463,pt,Sismo na Colômbia em 2026,2026-08-10 12:34,2026-08-10 12:34,2026-08-10 14:00,1.43,2026-08-10 14:00,1.43,4.7,2026-08-10 20:00,60,0,0
colombia_earthquake,2026 Colombia earthquake,Q140984463,it,Terremoto di Chocó del 2026,2026-08-10 12:34,2026-08-10 12:34,,,,,,2026-08-10 21:00,3,0,0
colombia_earthquake,2026 Colombia earthquake,Q140984463,ru,Землетрясение в Колумбии (2026),2026-08-10 12:34,2026-08-10 12:34,,,,,,2026-08-10 00:00,0,0,0
colombia_earthquake,2026 Colombia earthquake,Q140984463,ja,コロンビア地震 (2026年),2026-08-10 12:34,2026-08-10 12:34,2026-08-10 16:00,3.43,2026-08-10 16:00,3.43,6.7,2026-08-10 22:00,93,0,0
colombia_earthquake,2026 Colombia earthquake,Q140984463,zh,2026年哥伦比亚地震,2026-08-10 12:34,2026-08-10 12:34,2026-08-10 15:00,2.43,2026-08-10 15:00,2.43,5.7,2026-08-10 23:00,53,0,0
colombia_earthquake,2026 Colombia earthquake,Q140984463,ar,زلزال كولومبيا 2026,2026-08-10 12:34,2026-08-10 12:34,,,,,,2026-08-10 16:00,15,0,0
colombia_earthquake,Chocó Department,Q230584,en,Chocó Department,2026-08-10 12:34,2026-08-10 12:34,2026-08-10 12:00,-0.57,2026-08-10 12:00,-0.57,2.7,2026-08-10 16:00,523,61,6
colombia_earthquake,Chocó Department,Q230584,es,Chocó,2026-08-10 12:34,2026-08-10 12:34,2026-08-10 12:00,-0.57,2026-08-10 12:00,-0.57,2.7,2026-08-10 13:00,1492,376,4
colombia_earthquake,Chocó Department,Q230584,fr,Chocó,2026-08-10 12:34,2026-08-10 12:34,2026-08-10 13:00,0.43,2026-08-10 13:00,0.43,3.7,2026-08-10 21:00,43,3,0
colombia_earthquake,Chocó Department,Q230584,de,Departamento del Chocó,2026-08-10 12:34,2026-08-10 12:34,2026-08-10 14:00,1.43,2026-08-10 14:00,1.43,4.7,2026-08-10 15:00,47,3,0
colombia_earthquake,Chocó Department,Q230584,pt,Chocó,2026-08-10 12:34,2026-08-10 12:34,2026-08-10 13:00,0.43,2026-08-10 13:00,0.43,3.7,2026-08-10 13:00,50,4,0
colombia_earthquake,Chocó Department,Q230584,it,Dipartimento di Chocó,2026-08-10 12:34,2026-08-10 12:34,2026-08-10 13:00,0.43,2026-08-10 13:00,0.43,3.7,2026-08-10 14:00,114,3,0
colombia_earthquake,Chocó Department,Q230584,ru,Чоко (департамент),2026-08-10 12:34,2026-08-10 12:34,,,,,,2026-08-10 13:00,11,1,0
colombia_earthquake,Chocó Department,Q230584,ja,チョコ県,2026-08-10 12:34,2026-08-10 12:34,2026-08-10 14:00,1.43,2026-08-10 14:00,1.43,4.7,2026-08-10 15:00,102,1,0
colombia_earthquake,Chocó Department,Q230584,zh,乔科省,2026-08-10 12:34,2026-08-10 12:34,2026-08-10 15:00,2.43,,,,2026-08-10 15:00,21,3,0
colombia_earthquake,Chocó Department,Q230584,ar,إدارة تشوكو,2026-08-10 12:34,2026-08-10 12:34,,,,,,2026-08-10 14:00,5,0,0
us_open_final_zverev,Alexander Zverev,Q13990552,en,Alexander Zverev,2026-09-13 21:48,2026-09-13 21:48,2026-09-13 18:00,-3.8,2026-09-13 18:00,-3.8,-0.6,2026-09-13 22:00,119621,88715,2779
us_open_final_zverev,Alexander Zverev,Q13990552,de,Alexander Zverev,2026-09-13 21:48,2026-09-13 21:48,2026-09-13 19:00,-2.8,2026-09-13 18:00,-3.8,-0.6,2026-09-13 22:00,13046,11235,597
us_open_final_zverev,Alexander Zverev,Q13990552,fr,Alexander Zverev,2026-09-13 21:48,2026-09-13 21:48,2026-09-13 18:00,-3.8,2026-09-13 18:00,-3.8,-0.6,2026-09-13 21:00,6676,6676,212
us_open_final_zverev,Alexander Zverev,Q13990552,es,Alexander Zverev,2026-09-13 21:48,2026-09-13 21:48,2026-09-13 17:00,-4.8,2026-09-13 17:00,-4.8,-1.6,2026-09-13 21:00,12818,12818,440
us_open_final_zverev,Alexander Zverev,Q13990552,it,Alexander Zverev,2026-09-13 21:48,2026-09-13 21:48,2026-09-13 18:00,-3.8,2026-09-13 18:00,-3.8,-0.6,2026-09-13 22:00,5222,5187,123
us_open_final_zverev,Alexander Zverev,Q13990552,ru,"Зверев, Александр",2026-09-13 21:48,2026-09-13 21:48,2026-09-13 18:00,-3.8,2026-09-13 18:00,-3.8,-0.6,2026-09-13 22:00,2689,2390,170
us_open_final_zverev,Alexander Zverev,Q13990552,ja,アレクサンダー・ズベレフ,2026-09-13 21:48,2026-09-13 21:48,2026-09-13 18:00,-3.8,2026-09-13 19:00,-2.8,0.4,2026-09-13 22:00,1394,504,21
us_open_final_zverev,Alexander Zverev,Q13990552,pl,Alexander Zverev,2026-09-13 21:48,2026-09-13 21:48,2026-09-13 18:00,-3.8,2026-09-13 18:00,-3.8,-0.6,2026-09-13 18:00,4115,2924,74
us_open_final_zverev,Alexander Zverev,Q13990552,pt,Alexander Zverev,2026-09-13 21:48,2026-09-13 21:48,2026-09-13 18:00,-3.8,2026-09-13 18:00,-3.8,-0.6,2026-09-13 22:00,2418,2120,38
us_open_final_zverev,Alexander Zverev,Q13990552,zh,亞歷山大·茲韋列夫,2026-09-13 21:48,2026-09-13 21:48,2026-09-13 18:00,-3.8,2026-09-13 18:00,-3.8,-0.6,2026-09-13 22:00,990,517,22
