event,entity,lang,title,event_utc,new_article,first_edit_after_event_utc,edit_lead_min,first_edit_comment,pageview_visible_after_event_h
harald_v_death,Harald V,en,Harald V,2026-08-28 04:35,0,2026-08-28 05:43,68,/* Rebel Royals */,4.7
harald_v_death,Harald V,no,Harald V,2026-08-28 04:35,0,2026-08-28 06:39,124,nylig avdød,3.7
harald_v_death,Harald V,sv,Harald V av Norge,2026-08-28 04:35,0,2026-08-28 05:32,58,länkputs (undviker omdirigeringar och tar bort upprepade läbkar),2.7
harald_v_death,Harald V,da,Harald 5. af Norge,2026-08-28 04:35,0,2026-08-28 06:39,124,/* */,2.7
harald_v_death,Harald V,de,Harald V.,2026-08-28 04:35,0,2026-08-28 05:02,28,Komma eingefügt,2.7
harald_v_death,Harald V,fr,Harald V,2026-08-28 04:35,0,2026-08-28 06:41,127,/* */,3.7
harald_v_death,Harald V,es,Harald V de Noruega,2026-08-28 04:35,0,2026-08-28 06:43,129,/* */ Añadí información actualizada confirmada por la casa real de Noruega en Instagram,4.7
harald_v_death,Harald V,it,Harald V di Norvegia,2026-08-28 04:35,0,2026-08-28 06:04,89,Aggiunte notizie sulla nuova reggenza e malattia,3.7
harald_v_death,Harald V,ru,Харальд V,2026-08-28 04:35,0,2026-08-28 06:43,129,/* Здоровье */,4.7
harald_v_death,Harald V,ja,ハーラル5世 (ノルウェー王),2026-08-28 04:35,0,2026-08-28 07:03,148,/* */ 没年月日を追加,5.7
colombia_earthquake,2026 Colombia earthquake,en,2026 Colombia earthquake,2026-08-10 12:34,1,2026-08-10 12:49,16,,3.7
colombia_earthquake,2026 Colombia earthquake,es,Terremoto de Colombia de 2026,2026-08-10 12:34,1,2026-08-10 13:09,36,,3.7
colombia_earthquake,2026 Colombia earthquake,fr,Séisme de 2026 en Colombie,2026-08-10 12:34,1,2026-08-10 20:45,492,,11.7
colombia_earthquake,2026 Colombia earthquake,de,Erdbeben in Kolumbien 2026,2026-08-10 12:34,1,2026-08-11 10:54,1340,,
colombia_earthquake,2026 Colombia earthquake,pt,Sismo na Colômbia em 2026,2026-08-10 12:34,1,2026-08-10 14:35,121,,4.7
colombia_earthquake,2026 Colombia earthquake,it,Terremoto di Chocó del 2026,2026-08-10 12:34,1,2026-08-10 21:13,519,,
colombia_earthquake,2026 Colombia earthquake,ru,Землетрясение в Колумбии (2026),2026-08-10 12:34,1,2026-08-12 16:08,3095,,
colombia_earthquake,2026 Colombia earthquake,ja,コロンビア地震 (2026年),2026-08-10 12:34,1,2026-08-10 16:38,244,,6.7
colombia_earthquake,2026 Colombia earthquake,zh,2026年哥伦比亚地震,2026-08-10 12:34,1,2026-08-10 14:32,119,,5.7
colombia_earthquake,2026 Colombia earthquake,ar,زلزال كولومبيا 2026,2026-08-10 12:34,1,2026-08-10 15:40,186,,
colombia_earthquake,Chocó Department,en,Chocó Department,2026-08-10 12:34,0,2026-08-12 02:23,2270,"/* Geography */ add convert, altitude",2.7
colombia_earthquake,Chocó Department,es,Chocó,2026-08-10 12:34,0,2026-09-11 11:42,46029,Rescatando 4 referencia(s) y marcando 0 enlace(s) como roto(s)) #IABot (v2.0.9.5,2.7
colombia_earthquake,Chocó Department,fr,Chocó,2026-08-10 12:34,0,2026-08-11 13:29,1495,/* */,3.7
colombia_earthquake,Chocó Department,de,Departamento del Chocó,2026-08-10 12:34,0,2026-08-27 19:54,24921,[[:Benutzer:InternetArchiveBot|InternetArchiveBot]] hat 1 Archivlink(s) ergänzt und 0 Link(s) als defekt/tot markiert.) ,4.7
colombia_earthquake,Chocó Department,pt,Chocó,2026-08-10 12:34,0,,,,3.7
colombia_earthquake,Chocó Department,it,Dipartimento di Chocó,2026-08-10 12:34,0,2026-08-17 08:29,9835,terremoto,3.7
colombia_earthquake,Chocó Department,ru,Чоко (департамент),2026-08-10 12:34,0,2026-09-17 23:53,55399,шаблон {{[[Шаблон:Внешние ссылки|Внешние ссылки]]}} по запросам [[Служебная:Изменения/149464451]] и [[Служебная:Постоянн,
colombia_earthquake,Chocó Department,ja,チョコ県,2026-08-10 12:34,0,2026-08-12 09:38,2705,2026年 地震の発生,4.7
colombia_earthquake,Chocó Department,zh,乔科省,2026-08-10 12:34,0,2026-08-11 04:26,953,,
colombia_earthquake,Chocó Department,ar,إدارة تشوكو,2026-08-10 12:34,0,2026-08-26 12:51,23058,بوت: إصلاح أخطاء فحص ويكيبيديا من 1 إلى 104,
us_open_final_zverev,Alexander Zverev,en,Alexander Zverev,2026-09-13 21:48,0,2026-09-13 21:48,1,/* Early life and background */,-0.6
us_open_final_zverev,Alexander Zverev,de,Alexander Zverev,2026-09-13 21:48,0,2026-09-13 21:49,1,er hat vor 20 Sekunden die us open gewonnen,-0.6
us_open_final_zverev,Alexander Zverev,fr,Alexander Zverev,2026-09-13 21:48,0,2026-09-13 21:55,7,victoire USO 2026 - infobox,-0.6
us_open_final_zverev,Alexander Zverev,es,Alexander Zverev,2026-09-13 21:48,0,2026-09-13 21:53,6,/* */ agrego un título,-1.6
us_open_final_zverev,Alexander Zverev,it,Alexander Zverev,2026-09-13 21:48,0,2026-09-13 21:51,3,/* */ Aggiunto informazioni,-0.6
us_open_final_zverev,Alexander Zverev,ru,"Зверев, Александр",2026-09-13 21:48,0,2026-09-13 21:57,9,,-0.6
us_open_final_zverev,Alexander Zverev,ja,アレクサンダー・ズベレフ,2026-09-13 21:48,0,2026-09-13 21:58,11,,0.4
us_open_final_zverev,Alexander Zverev,pl,Alexander Zverev,2026-09-13 21:48,0,2026-09-13 22:11,24,/* */ wygrana w Us open 2026,-0.6
us_open_final_zverev,Alexander Zverev,pt,Alexander Zverev,2026-09-13 21:48,0,2026-09-13 21:52,5,,-0.6
us_open_final_zverev,Alexander Zverev,zh,亞歷山大·茲韋列夫,2026-09-13 21:48,0,2026-09-13 22:16,29,/* */,-0.6
